time,prey,predator
0.000000000000000000e+00,1.000000000000000000e+01,5.000000000000000000e+00
5.001250312578144758e-02,1.023545005045534140e+01,5.008992394571444073e+00
1.000250062515628952e-01,1.047498430140364434e+01,5.019305040787930494e+00
1.500375093773443358e-01,1.071854786526941083e+01,5.030947539648864542e+00
2.000500125031257903e-01,1.096607758466906191e+01,5.043929701366626439e+00
2.500625156289072448e-01,1.121750198777918150e+01,5.058261526063342117e+00
3.000750187546886716e-01,1.147274081254270861e+01,5.073953209004344878e+00
3.500875218804701539e-01,1.173170490071971628e+01,5.091015144024389372e+00
4.001000250062515806e-01,1.199429619788742407e+01,5.109457923527651602e+00
4.501125281320330074e-01,1.226040766870644028e+01,5.129292331550753481e+00
5.001250312578144896e-01,1.252992297305232583e+01,5.150529317826695319e+00
5.501375343835959164e-01,1.280271654890516686e+01,5.173180010379888394e+00
6.001500375093773432e-01,1.307865358642800402e+01,5.197255716056145225e+00
6.501625406351587699e-01,1.335759002514317473e+01,5.222767920316035983e+00
7.001750437609403077e-01,1.363937257790139590e+01,5.249728285381860537e+00
7.501875468867217345e-01,1.392383881562872006e+01,5.278148626747522165e+00
8.002000500125031612e-01,1.421081715218660513e+01,5.308040915188875886e+00
8.502125531382845880e-01,1.450012730381182458e+01,5.339417279681359929e+00
9.002250562640660148e-01,1.479158034538453315e+01,5.372290006088576320e+00
9.502375593898475525e-01,1.508497874747934908e+01,5.406671536283941037e+00
1.000250062515628979e+00,1.538011684441503668e+01,5.442574449767717759e+00
1.050262565641410406e+00,1.567678086540709970e+01,5.480011460818991154e+00
1.100275068767191833e+00,1.597474979250432625e+01,5.518995418441467571e+00
1.150287571892973260e+00,1.627379554503617953e+01,5.559539304267204329e+00
1.200300075018754686e+00,1.657368302990673925e+01,5.601656231757254467e+00
1.250312578144536113e+00,1.687417092539691410e+01,5.645359429704703835e+00
1.300325081270317540e+00,1.717501180038032160e+01,5.690662239601332217e+00
1.350337584396099189e+00,1.747595330468526598e+01,5.737578109207754018e+00
1.400350087521880615e+00,1.777673845715742473e+01,5.786120589426377414e+00
1.450362590647662042e+00,1.807710569851557736e+01,5.836303333522437242e+00
1.500375093773443469e+00,1.837678992114355836e+01,5.888140080751250061e+00
1.550387596899224896e+00,1.867552263733247386e+01,5.941644655026670385e+00
1.600400100025006322e+00,1.897303338139018791e+01,5.996830949947724143e+00
1.650412603150787749e+00,1.926905010496824389e+01,6.053712923610629737e+00
1.700425106276569176e+00,1.956329919650909233e+01,6.112304598265891009e+00
1.750437609402350603e+00,1.985550656281908743e+01,6.172620042779316307e+00
1.800450112528132030e+00,2.014539790628409932e+01,6.234673372538237501e+00
1.850462615653913456e+00,2.043270002177228761e+01,6.298478725517373533e+00
1.900475118779695105e+00,2.071714141951674293e+01,6.364050250776000617e+00
1.950487621905476532e+00,2.099845232511544779e+01,6.431402108457953126e+00
2.000500125031257959e+00,2.127636530918496760e+01,6.500548455343274412e+00
2.050512628157039163e+00,2.155061618965128289e+01,6.571503434271339650e+00
2.100525131282820812e+00,2.182094444411620771e+01,6.644281157805625782e+00
2.150537634408602461e+00,2.208709432667128425e+01,6.718895673822279591e+00
2.200550137534383666e+00,2.234881487945690282e+01,6.795360965193139258e+00
2.250562640660165314e+00,2.260586002042678899e+01,6.873690945778469619e+00
2.300575143785946519e+00,2.285798964276174061e+01,6.953899423687820658e+00
2.350587646911728168e+00,2.310496955281008269e+01,7.036000115963219947e+00
2.400600150037509373e+00,2.334657243791402337e+01,7.120006579406330971e+00
2.450612653163291021e+00,2.358257811422237182e+01,7.205932196391420241e+00
2.500625156289072226e+00,2.381277352669048852e+01,7.293790174865346643e+00
2.550637659414853875e+00,2.403695291140545010e+01,7.383593530530661475e+00
2.600650162540635080e+00,2.425491849648656739e+01,7.475355044165372220e+00
2.650662665666416729e+00,2.446648037052538527e+01,7.569087269021490982e+00
2.700675168792198377e+00,2.467145693418906660e+01,7.664802433911592772e+00
2.750687671917979582e+00,2.486967494052272087e+01,7.762512436971887198e+00
2.800700175043761231e+00,2.506096949494941839e+01,7.862228845662222021e+00
2.850712678169542436e+00,2.524518407399658670e+01,7.963962863641150136e+00
2.900725181295324084e+00,2.542217073491821466e+01,8.067725274651664336e+00
2.950737684421105289e+00,2.559179003969055444e+01,8.173526450237147856e+00
3.000750187546886938e+00,2.575391091007777078e+01,8.281376216784195776e+00
3.050762690672668143e+00,2.590841062525152694e+01,8.391283849690228891e+00
3.100775193798449791e+00,2.605517482179096689e+01,8.503258073363495484e+00
3.150787696924230996e+00,2.619409738496647577e+01,8.617307027721114565e+00
3.200800200050012645e+00,2.632508011394186553e+01,8.733438157333166529e+00
3.250812703175794294e+00,2.644803292805753259e+01,8.851658273314052749e+00
3.300825206301575498e+00,2.656287316084711136e+01,8.971973346100680757e+00
3.350837709427357147e+00,2.666952549417891305e+01,9.094388485718125636e+00
3.400850212553138352e+00,2.676792195825593268e+01,9.218907941779617587e+00
3.450862715678920001e+00,2.685800191826714567e+01,9.345535099865887929e+00
3.500875218804701205e+00,2.693971128607262955e+01,9.474272281450650368e+00
3.550887721930482854e+00,2.701300286476970669e+01,9.605120864991238960e+00
3.600900225056264059e+00,2.707783569378185007e+01,9.738081074748382804e+00
3.650912728182045708e+00,2.713417453561069337e+01,9.873151834016573147e+00
3.700925231307826913e+00,2.718198987583604875e+01,1.001033076512406517e+01
3.750937734433608561e+00,2.722125792311589265e+01,1.014961418943288685e+01
3.800950237559390210e+00,2.725196057858315513e+01,1.029099711587506683e+01
3.850962740685171415e+00,2.727408435633073580e+01,1.043447288154422736e+01
3.900975243810953064e+00,2.728762101530188744e+01,1.058003346753674201e+01
3.950987746936734268e+00,2.729256685442658181e+01,1.072766913390018217e+01
4.001000250062515917e+00,2.728892216940794668e+01,1.087736819617099293e+01
4.051012753188297566e+00,2.727669125272225870e+01,1.102911702537446637e+01
4.101025256314078327e+00,2.725588239361895049e+01,1.118290004802476467e+01
4.151037759439859975e+00,2.722650787812060713e+01,1.133869974612491482e+01
4.201050262565641624e+00,2.718858387055780668e+01,1.149649657364882316e+01
4.251062765691423273e+00,2.714212941440630544e+01,1.165626838953893341e+01
4.301075268817204922e+00,2.708716711877732664e+01,1.181799099944391607e+01
4.351087771942985682e+00,2.702372263369384342e+01,1.198163752792504155e+01
4.401100275068767331e+00,2.695182448565496003e+01,1.214717827996173405e+01
4.451112778194548980e+00,2.687150407763592597e+01,1.231458074095156263e+01
4.501125281320330629e+00,2.678279568908812536e+01,1.248380957671024660e+01
4.551137784446111390e+00,2.668573647593907694e+01,1.265482663347165726e+01
4.601150287571893038e+00,2.658036639626479669e+01,1.282759061465898043e+01
4.651162790697674687e+00,2.646672794778016069e+01,1.300205670986037454e+01
4.701175293823456336e+00,2.634486638588753138e+01,1.317817689582535579e+01
4.751187796949237097e+00,2.621482977918687851e+01,1.335589932464664287e+01
4.801200300075018745e+00,2.607666900839955915e+01,1.353516830983354247e+01
4.851212803200800394e+00,2.593043776636831410e+01,1.371592432631192437e+01
4.901225306326582043e+00,2.577619255805725018e+01,1.389810401042423926e+01
4.951237809452363692e+00,2.561399296502261080e+01,1.408163981885486393e+01
5.001250312578144452e+00,2.544390175282901012e+01,1.426645969956061677e+01
5.051262815703926101e+00,2.526598489821112636e+01,1.445248722944558395e+01
5.101275318829707750e+00,2.508031213420684225e+01,1.463964109425909399e+01
5.151287821955489399e+00,2.488695695543032471e+01,1.482783508279150730e+01
5.201300325081270159e+00,2.468599661807204271e+01,1.501697808687419311e+01
5.251312828207051808e+00,2.447751218608021873e+01,1.520697407661969613e+01
5.301325331332833457e+00,2.426158947299204272e+01,1.539772152049084397e+01
5.351337834458615106e+00,2.403831861405674175e+01,1.558911351495350139e+01
5.401350337584396755e+00,2.380779496507725668e+01,1.578103746414879538e+01
5.451362840710177515e+00,2.357011948703466686e+01,1.597337489930260190e+01
5.501375343835959164e+00,2.332539874608818664e+01,1.616600147872556903e+01
5.551387846961740813e+00,2.307374491357517954e+01,1.635878698781307961e+01
5.601400350087522462e+00,2.281527628815675968e+01,1.655159519866893447e+01
5.651412853213303222e+00,2.255011832573633157e+01,1.674428339085471151e+01
5.701425356339084871e+00,2.227840315681799410e+01,1.693670253685444749e+01
5.751437859464866520e+00,2.200027102791702305e+01,1.712869713289590479e+01
5.801450362590648169e+00,2.171587036444838859e+01,1.732010518703852497e+01
5.851462865716428929e+00,2.142535777072675529e+01,1.751075821917341457e+01
5.901475368842210578e+00,2.112889803068343397e+01,1.770048126111267450e+01
5.951487871967992227e+00,2.082666531709423907e+01,1.788909284531804644e+01
6.001500375093773876e+00,2.051884372831434789e+01,1.807640461087507333e+01
6.051512878219555525e+00,2.020562734245823933e+01,1.826222176076468884e+01
6.101525381345336285e+00,1.988722106669611378e+01,1.844634331003595662e+01
6.151537884471117934e+00,1.956384063725388600e+01,1.862856208580608808e+01
6.201550387596899583e+00,1.923571261941322419e+01,1.880866472726039973e+01
6.251562890722681232e+00,1.890307472541298850e+01,1.898643187668475463e+01
6.301575393848461992e+00,1.856617716628037229e+01,1.916163852196790174e+01
6.351587896974243641e+00,1.822528213108225614e+01,1.933405414580320425e+01
6.401600400100025290e+00,1.788066406674288089e+01,1.950344367233775600e+01
6.451612903225806939e+00,1.753260971330864848e+01,1.966956750862997438e+01
6.501625406351588587e+00,1.718141810068409825e+01,1.983218164684961593e+01
6.551637909477369348e+00,1.682740083917702378e+01,1.999103863520798541e+01
6.601650412603150997e+00,1.647088215463338301e+01,2.014588781339514867e+01
6.651662915728932646e+00,1.611219808123998831e+01,2.029647679176712316e+01
6.701675418854714295e+00,1.575169638476298140e+01,2.044255169637034797e+01
6.751687921980495055e+00,1.538973633730618573e+01,2.058385754430227621e+01
6.801700425106276704e+00,1.502668829038462128e+01,2.072013955685834574e+01
6.851712928232058353e+00,1.466293295639870919e+01,2.085114397306855594e+01
6.901725431357840002e+00,1.429885972128671945e+01,2.097661991728952557e+01
6.951737934483621650e+00,1.393486656826269154e+01,2.109631949617454083e+01
7.001750437609402411e+00,1.357135916537740883e+01,2.120999877658968202e+01
7.051762940735184060e+00,1.320874951394525887e+01,2.131741951970300164e+01
7.101775443860965709e+00,1.284745391828449002e+01,2.141835065202633714e+01
7.151787946986747357e+00,1.248789130973552730e+01,2.151256965182685832e+01
7.201800450112528118e+00,1.213048288543122410e+01,2.159986282555462012e+01
7.251812953238309767e+00,1.177564958676718376e+01,2.168002742606952182e+01
7.301825456364091416e+00,1.142381021643818606e+01,2.175287294141388728e+01
7.351837959489873064e+00,1.107537847491727945e+01,2.181822290016279453e+01
7.401850462615653825e+00,1.073076247999381572e+01,2.187591517674325559e+01
7.451862965741435474e+00,1.039036208517487658e+01,2.192580372422714063e+01
7.501875468867217123e+00,1.005456654068338374e+01,2.196775991816765128e+01
7.551887971992998771e+00,9.723751489944984172e+00,2.200167390496681463e+01
7.601900475118780420e+00,9.398278300029970111e+00,2.202745492318392806e+01
7.651912978244561181e+00,9.078491414494815004e+00,2.204503260999041814e+01
7.701925481370342830e+00,8.764716066119781601e+00,2.205435789074916997e+01
7.751937984496124479e+00,8.457256041236778543e+00,2.205540352218151412e+01
7.801950487621906127e+00,8.156393068027920634e+00,2.204816425238715283e+01
7.851962990747686888e+00,7.862384520794481801e+00,2.203265750589902083e+01
7.901975493873468537e+00,7.575461996471660520e+00,2.200892332935463358e+01
7.951987996999250186e+00,7.295830311732274254e+00,2.197702412969259456e+01
8.002000500125031834e+00,7.023667084455223808e+00,2.193704452345677325e+01
8.052013003250813483e+00,6.759121443612232660e+00,2.188909110865251151e+01
8.102025506376595132e+00,6.502314086104888702e+00,2.183329126356563066e+01
8.152038009502376781e+00,6.253337301441654006e+00,2.176979248661272592e+01
8.202050512628156653e+00,6.012255094049021586e+00,2.169876162039328094e+01
8.252063015753938302e+00,5.779103278104293473e+00,2.162038377397654898e+01
8.302075518879719951e+00,5.553891110348923021e+00,2.153486015449117374e+01
8.352088022005501600e+00,5.336601753297831152e+00,2.144240743024403528e+01
8.402100525131283248e+00,5.127193322541685028e+00,2.134325623850761744e+01
8.452113028257064897e+00,4.925600076419651252e+00,2.123764960118052869e+01
8.502125531382846546e+00,4.731735256428954095e+00,2.112584027970099854e+01
8.552138034508628195e+00,4.545491616580061844e+00,2.100809027169409759e+01
8.602150537634409844e+00,4.366743349947030950e+00,2.088466892617353565e+01
8.652163040760189716e+00,4.195346975089675468e+00,2.075585178070619463e+01
8.702175543885971365e+00,4.031145631519052586e+00,2.062191732214868622e+01
8.752188047011753014e+00,3.873970032899569205e+00,2.048314624675991524e+01
8.802200550137534663e+00,3.723638789075290667e+00,2.033982120249791947e+01
8.852213053263316311e+00,3.579961436083258786e+00,2.019222418609456327e+01
8.902225556389097960e+00,3.442739924593772205e+00,2.004063548889645929e+01
8.952238059514879609e+00,3.311771351085430748e+00,1.988533200544770807e+01
9.002250562640661258e+00,3.186848347706808138e+00,1.972658695724280165e+01
9.052263065766441130e+00,3.067760501278591789e+00,1.956466887776782215e+01
9.102275568892222779e+00,2.954295948372410940e+00,1.939984040538387333e+01
9.152288072018004428e+00,2.846243239477428411e+00,1.923235742393917747e+01
9.202300575143786077e+00,2.743392093629665407e+00,1.906246865165871540e+01
9.252313078269567725e+00,2.645533827062336751e+00,1.889041539344619736e+01
9.302325581395349374e+00,2.552462738243485685e+00,1.871643066028944347e+01
9.352338084521131023e+00,2.463976920579199703e+00,1.854073897375575797e+01
9.402350587646912672e+00,2.379879008513275718e+00,1.836355612187421826e+01
9.452363090772694321e+00,2.299976318569009415e+00,1.818508911702214448e+01
9.502375593898474193e+00,2.224081514592233688e+00,1.800553591272426956e+01
9.552388097024255842e+00,2.152012997049272958e+00,1.782508543938355317e+01
9.602400600150037491e+00,2.083595281001245247e+00,1.764391768974344643e+01
9.652413103275819140e+00,2.018659028389003574e+00,1.746220373914007240e+01
9.702425606401600788e+00,1.957041218279013561e+00,1.728010584660512450e+01
9.752438109527382437e+00,1.898585260337649627e+00,1.709777761162213849e+01
9.802450612653164086e+00,1.843141034794115729e+00,1.691536431256108486e+01
9.852463115778945735e+00,1.790564891997543651e+00,1.673300295200075993e+01
9.902475618904727384e+00,1.740719545613652164e+00,1.655082252909738116e+01
9.952488122030507256e+00,1.693474005871038690e+00,1.636894429675945517e+01
1.000250062515628890e+01,1.648703416424786905e+00,1.618748218006127360e+01
1.005251312828207055e+01,1.606289010236192638e+00,1.600654286856246955e+01
1.010252563140785220e+01,1.566117902168252529e+00,1.582622613202160800e+01
1.015253813453363385e+01,1.528082905927485413e+00,1.564662514007920713e+01
1.020255063765941550e+01,1.492082301161026248e+00,1.546782685583714390e+01
1.025256314078519715e+01,1.458019761238767753e+00,1.528991214165970547e+01
1.030257564391097880e+01,1.425804094113577447e+00,1.511295610360158470e+01
1.035258814703676045e+01,1.395349021721371319e+00,1.493702841280629023e+01
1.040260065016254032e+01,1.366572960077490517e+00,1.476219361771386751e+01
1.045261315328832197e+01,1.339398923705885869e+00,1.458851126530156606e+01
1.050262565641410362e+01,1.313754255540814597e+00,1.441603624170712905e+01
1.055263815953988527e+01,1.289570403466818282e+00,1.424481907140889980e+01
1.060265066266566691e+01,1.266782768893286004e+00,1.407490611318880269e+01
1.065266316579144856e+01,1.245330558796336362e+00,1.390633973975877602e+01
1.070267566891723021e+01,1.225156568058371143e+00,1.373915860783764664e+01
1.075268817204301186e+01,1.206206957498368482e+00,1.357339793768787928e+01
1.080270067516879351e+01,1.188431174464184448e+00,1.340908961051764869e+01
1.085271317829457338e+01,1.171781771175711251e+00,1.324626238762776786e+01
1.090272568142035503e+01,1.156214228524646392e+00,1.308494212734329665e+01
1.095273818454613668e+01,1.141686786671477272e+00,1.292515199097643297e+01
1.100275068767191833e+01,1.128160384812810335e+00,1.276691251538571947e+01
1.105276319079769998e+01,1.115598486180766180e+00,1.261024182592329979e+01
1.110277569392348163e+01,1.103966933074663981e+00,1.245515581268600691e+01
1.115278819704926327e+01,1.093233838583571371e+00,1.230166826018903770e+01
1.120280070017504492e+01,1.083369516294161228e+00,1.214979093340280158e+01
1.125281320330082657e+01,1.074346346106480832e+00,1.199953374428640451e+01
1.130282570642660644e+01,1.066138645977842359e+00,1.185090490638367555e+01
1.135283820955238809e+01,1.058722611523591706e+00,1.170391100736639878e+01
1.140285071267816974e+01,1.052076241427025716e+00,1.155855710322056851e+01
1.145286321580395139e+01,1.046179241021941930e+00,1.141484684141103401e+01
1.150287571892973304e+01,1.041012914269251910e+00,1.127278259219990098e+01
1.155288822205551469e+01,1.036560129009467923e+00,1.113236549120507313e+01
1.160290072518129634e+01,1.032805252381727712e+00,1.099359552482947855e+01
1.165291322830707799e+01,1.029734080436986554e+00,1.085647162435583546e+01
1.170292573143285786e+01,1.027333752830524638e+00,1.072099177271871540e+01
1.175293823455863951e+01,1.025592728263126974e+00,1.058715303565734978e+01
1.180295073768442116e+01,1.024500739143794137e+00,1.045495162598198391e+01
1.185296324081020281e+01,1.024048738229643929e+00,1.032438298071239302e+01
1.190297574393598445e+01,1.024228835902107004e+00,1.019544184430704803e+01
1.195298824706176610e+01,1.025034275514105531e+00,1.006812230192045376e+01
1.200300075018754775e+01,1.026459413343667748e+00,9.942417811161615049e+00
1.205301325331332940e+01,1.028499670661311427e+00,9.818321279815373614e+00
1.210302575643911105e+01,1.031151500541123367e+00,9.695825115143042794e+00
1.215303825956489092e+01,1.034412355318082177e+00,9.574921273002768629e+00
1.220305076269067257e+01,1.038280683144125804e+00,9.455601264407984985e+00
1.225306326581645422e+01,1.042755894723378152e+00,9.337856220634959570e+00
1.230307576894223587e+01,1.047838348004491937e+00,9.221676922765063011e+00
1.235308827206801752e+01,1.053529317783874708e+00,9.107053859009765162e+00
1.240310077519379917e+01,1.059830990910249460e+00,8.993977233878291955e+00
1.245311327831958081e+01,1.066746460517183470e+00,8.882436985701506416e+00
1.250312578144536246e+01,1.074279706501658049e+00,8.772422841912263181e+00
1.255313828457114411e+01,1.082435590435985473e+00,8.663924336637306212e+00
1.260315078769692398e+01,1.091219843299761960e+00,8.556930852611863259e+00
1.265316329082270563e+01,1.100639065027608998e+00,8.451431622641559116e+00
1.270317579394848728e+01,1.110700724023276242e+00,8.347415745611790783e+00
1.275318829707426893e+01,1.121413151089145632e+00,8.244872232241840848e+00
1.280320080020005058e+01,1.132785541677996166e+00,8.143790012292216218e+00
1.285321330332583223e+01,1.144827960116812093e+00,8.044157970860236873e+00
1.290322580645161388e+01,1.157551339665876311e+00,7.945964949669827249e+00
1.295323830957739553e+01,1.170967484179112894e+00,7.849199750191147018e+00
1.300325081270317717e+01,1.185089082516801673e+00,7.753851176060263306e+00
1.305326331582895705e+01,1.199929700270980115e+00,7.659908032647715359e+00
1.310327581895473870e+01,1.215503810575586874e+00,7.567359157662723490e+00
1.315328832208052035e+01,1.231826800466970573e+00,7.476193429845915617e+00
1.320330082520630199e+01,1.248914970883890918e+00,7.386399768969314827e+00
1.325331332833208364e+01,1.266785543581362194e+00,7.297967140949011444e+00
1.330332583145786529e+01,1.285456696892560702e+00,7.210884597397321905e+00
1.335333833458364694e+01,1.304947543775255347e+00,7.125141265848046856e+00
1.340335083770942859e+01,1.325278194564755818e+00,7.040726375579089868e+00
1.345336334083521024e+01,1.346469766036485716e+00,6.957629262690409711e+00
1.350337584396099011e+01,1.368544381405982335e+00,6.875839370104028347e+00
1.355338834708677176e+01,1.391525171595642707e+00,6.795346248040121218e+00
1.360340085021255341e+01,1.415436335108636090e+00,6.716139583044302697e+00
1.365341335333833506e+01,1.440303114318103761e+00,6.638209201013285821e+00
1.370342585646411671e+01,1.466151854695951773e+00,6.561545073238042036e+00
1.375343835958989835e+01,1.493010042301947005e+00,6.486137327095907956e+00
1.380345086271568000e+01,1.520906303783715385e+00,6.411976246050579142e+00
1.385346336584146165e+01,1.549870406376742782e+00,6.339052269652110105e+00
1.390347586896724330e+01,1.579933295342736521e+00,6.267356004973756889e+00
1.395348837209302317e+01,1.611127135420564738e+00,6.196878247388536209e+00
1.400350087521880482e+01,1.643485312856884484e+00,6.127609971017268897e+00
1.405351337834458647e+01,1.677042507944669136e+00,6.059542341189612991e+00
1.410352588147036812e+01,1.711834696041924841e+00,5.992666714685445761e+00
1.415353838459614977e+01,1.747899147572148371e+00,5.926974639734953421e+00
1.420355088772193142e+01,1.785274472636501075e+00,5.862457866952703434e+00
1.425356339084771307e+01,1.824000645506090423e+00,5.799108359796705692e+00
1.430357589397349471e+01,1.864119038655360328e+00,5.736918292102474837e+00
1.435358839709927459e+01,1.905672469481733078e+00,5.675880054501718064e+00
1.440360090022505624e+01,1.948705200305614893e+00,5.615986254422327129e+00
1.445361340335083788e+01,1.993262951263901295e+00,5.557229718789599815e+00
1.450362590647661953e+01,2.039392946614968061e+00,5.499603506621818738e+00
1.455363840960240118e+01,2.087143924390356009e+00,5.443100906911862324e+00
1.460365091272818283e+01,2.136566190776981511e+00,5.387715443803933191e+00
1.465366341585396448e+01,2.187711623467900601e+00,5.333440877102774813e+00
1.470367591897974613e+01,2.240633680878577394e+00,5.280271204513666383e+00
1.475368842210552778e+01,2.295387429752645314e+00,5.228200670378290837e+00
1.480370092523130765e+01,2.352029559943873416e+00,5.177223765169280512e+00
1.485371342835708930e+01,2.410618418760877457e+00,5.127335229367830927e+00
1.490372593148287095e+01,2.471214012383377234e+00,5.078530053717718040e+00
1.495373843460865260e+01,2.533878011913119899e+00,5.030803483230787521e+00
1.500375093773443425e+01,2.598673756096814280e+00,4.984151020980782221e+00
1.505376344086021589e+01,2.665666265950538349e+00,4.938568429806320381e+00
1.510377594398599754e+01,2.734922251806732874e+00,4.894051734282551358e+00
1.515378844711177919e+01,2.806510109797519803e+00,4.850597221570985162e+00
1.520380095023756084e+01,2.880499901196752699e+00,4.808201445633747184e+00
1.525381345336334071e+01,2.956963342626181213e+00,4.766861228015155660e+00
1.530382595648912236e+01,3.035973793561081102e+00,4.726573660729164850e+00
1.535383845961490401e+01,3.117606252435305425e+00,4.687336106663122060e+00
1.540385096274068566e+01,3.201937308750157030e+00,4.649146201924135191e+00
1.545386346586646731e+01,3.289045106829254550e+00,4.612001856498757490e+00
1.550387596899224896e+01,3.379009292693583522e+00,4.575901257140742473e+00
1.555388847211803061e+01,3.471911002631364873e+00,4.540842868014858702e+00
1.560390097524381225e+01,3.567832791606249110e+00,4.506825431635315127e+00
1.565391347836959390e+01,3.666858559387802252e+00,4.473847968614361292e+00
1.570392598149537378e+01,3.769073446525041504e+00,4.441909780508159322e+00
1.575393848462115542e+01,3.874563802863206341e+00,4.411010450711327024e+00
1.580395098774693707e+01,3.983417090677271677e+00,4.381149844398734672e+00
1.585396349087271872e+01,4.095721761789084425e+00,4.352328106877974889e+00
1.590397599399850037e+01,4.211567093063559142e+00,4.324545666459627569e+00
1.595398849712428202e+01,4.331043125050888953e+00,4.297803235485353923e+00
1.600400100025006367e+01,4.454240532412919507e+00,4.272101809404596828e+00
1.605401350337584532e+01,4.581250443111002824e+00,4.247442663484748415e+00
1.610402600650162697e+01,4.712164200191693908e+00,4.223827355836871078e+00
1.615403850962740862e+01,4.847073265504108441e+00,4.201257728474364406e+00
1.620405101275319026e+01,4.986069047752644146e+00,4.179735905502049320e+00
1.625406351587897191e+01,5.129242656784926524e+00,4.159264288034455248e+00
1.630407601900475356e+01,5.276684577109122642e+00,4.139845557526062869e+00
1.635408852213053166e+01,5.428484533106623822e+00,4.121482676828644998e+00
1.640410102525631331e+01,5.584731270088339805e+00,4.104178887514406071e+00
1.645411352838209496e+01,5.745512236306426601e+00,4.087937702792874717e+00
1.650412603150787660e+01,5.910913159090716462e+00,4.072762911272493014e+00
1.655413853463365825e+01,6.081017861510656708e+00,4.058658578086341784e+00
1.660415103775943990e+01,6.255908009842288564e+00,4.045629041670374626e+00
1.665416354088522155e+01,6.435662708313060421e+00,4.033678904218447769e+00
1.670417604401100320e+01,6.620357989313003344e+00,4.022813035889045707e+00
1.675418854713678485e+01,6.810066549260402446e+00,4.013036576231614028e+00
1.680420105026256650e+01,7.004857512095433059e+00,4.004354931252843031e+00
1.685421355338834815e+01,7.204795901564937211e+00,3.996773760803228992e+00
1.690422605651412979e+01,7.409942107378716614e+00,3.990298982583883269e+00
1.695423855963991144e+01,7.620351466000633067e+00,3.984936774550283722e+00
1.700425106276569309e+01,7.836074107506922459e+00,3.980693573313350608e+00
1.705426356589147474e+01,8.057154301090822202e+00,3.977576059308221446e+00
1.710427606901725639e+01,8.283629992650036300e+00,3.975591157189630298e+00
1.715428857214303804e+01,8.515532134791795826e+00,3.974746041123016216e+00
1.720430107526881969e+01,8.752884624464687846e+00,3.975048134643245579e+00
1.725431357839459778e+01,8.995703658252997670e+00,3.976505099393695453e+00
1.730432608152037943e+01,9.243997358823513366e+00,3.979124823224179597e+00
1.735433858464616108e+01,9.497764920228641827e+00,3.982915430776124310e+00
1.740435108777194273e+01,9.756996389467374797e+00,3.987885284598439384e+00
1.745436359089772438e+01,1.002167250076791838e+01,3.994042983511959299e+00
1.750437609402350603e+01,1.029176390286776588e+01,4.001397341692952025e+00
1.755438859714928768e+01,1.056723090126631703e+01,4.009957388117915578e+00
1.760440110027506933e+01,1.084802266773153434e+01,4.019732377798737488e+00
1.765441360340085097e+01,1.113407718216549114e+01,4.030731792017990145e+00
1.770442610652663262e+01,1.142532111116514315e+01,4.042965336891543693e+00
1.775443860965241427e+01,1.172166907456582585e+01,4.056442919203089303e+00
1.780445111277819592e+01,1.202302358644813474e+01,4.071174644139057719e+00
1.785446361590397757e+01,1.232927452698111814e+01,4.087170831975698526e+00
1.790447611902975922e+01,1.264029908247961487e+01,4.104442018631329070e+00
1.795448862215554087e+01,1.295596174527078404e+01,4.122998955654882280e+00
1.800450112528132252e+01,1.327611412677519809e+01,4.142852596466536141e+00
1.805451362840710416e+01,1.360059458414503908e+01,4.164014073571299157e+00
1.810452613153288226e+01,1.392922850684446878e+01,4.186494722239354260e+00
1.815453863465866391e+01,1.426182836966741796e+01,4.210306083928399445e+00
1.820455113778444556e+01,1.459819373273744603e+01,4.235459906283643328e+00
1.825456364091022721e+01,1.493811134565233090e+01,4.261968140076113798e+00
1.830457614403600886e+01,1.528135542725962992e+01,4.289842913550058867e+00
1.835458864716179050e+01,1.562768777566338763e+01,4.319096543923675036e+00
1.840460115028757215e+01,1.597685867954901617e+01,4.349741547376384077e+00
1.845461365341335380e+01,1.632860698506733499e+01,4.381790638724488929e+00
1.850462615653913545e+01,1.668266022217212097e+01,4.415256730312577815e+00
1.855463865966491710e+01,1.703873556866075489e+01,4.450152915133014808e+00
1.860465116279069875e+01,1.739654001192769428e+01,4.486492469463462918e+00
1.865466366591648040e+01,1.775577188729802458e+01,4.524288862056883964e+00
1.870467616904226205e+01,1.811612110116905328e+01,4.563555753897710510e+00
1.875468867216804369e+01,1.847726932314828474e+01,4.604306997202446183e+00
1.880470117529382534e+01,1.883889142401346817e+01,4.646556623092512162e+00
1.885471367841960699e+01,1.920065580553488260e+01,4.690318843766670298e+00
1.890472618154538864e+01,1.956222636013583127e+01,4.735608056026586077e+00
1.895473868467117029e+01,1.992326273819682569e+01,4.782438840824653425e+00
1.900475118779694839e+01,2.028342061451152389e+01,4.830825962026815468e+00
1.905476369092273004e+01,2.064235345521476717e+01,4.880784356659539469e+00
1.910477619404851168e+01,2.099971289852300416e+01,4.932329137009235254e+00
1.915478869717429333e+01,2.135515090473784028e+01,4.985475586891555899e+00
1.920480120030007498e+01,2.170832001712109616e+01,5.040239160780745742e+00
1.925481370342585663e+01,2.205887359349677723e+01,5.096635482431130626e+00
1.930482620655163828e+01,2.240646768960577973e+01,5.154680335649825196e+00
1.935483870967741993e+01,2.275076133537444534e+01,5.214389666235763166e+00
1.940485121280320158e+01,2.309141858000801761e+01,5.275779568908254724e+00
1.945486371592898323e+01,2.342810880165358256e+01,5.338866285310341908e+00
1.950487621905476487e+01,2.376050678567469987e+01,5.403666203149932734e+00
1.955488872218054652e+01,2.408829431497339968e+01,5.470195843867365681e+00
1.960490122530632817e+01,2.441116046939330886e+01,5.538471866909681296e+00
1.965491372843210982e+01,2.472880306491811453e+01,5.608511044997686490e+00
1.970492623155789147e+01,2.504092911563771295e+01,5.680330257641436731e+00
1.975493873468367312e+01,2.534725483374819177e+01,5.753946491140234265e+00
1.980495123780945477e+01,2.564750632970055833e+01,5.829376824121985656e+00
1.985496374093523642e+01,2.594142040440443964e+01,5.906638427003256808e+00
1.990497624406101451e+01,2.622874481842872996e+01,5.985748537194222507e+00
1.995498874718679616e+01,2.650923887541797086e+01,6.066724434798104859e+00
2.000500125031257781e+01,2.678267342219001179e+01,6.149583442608165029e+00
2.005501375343835946e+01,2.704883090628159792e+01,6.234342918856331295e+00
2.010502625656414111e+01,2.730750590079286155e+01,6.321020230460871581e+00
2.015503875968992276e+01,2.755850508493803375e+01,6.409632756196701031e+00
2.020505126281570440e+01,2.780164721876614564e+01,6.500197825649578931e+00
2.025506376594148605e+01,2.803676316003541658e+01,6.592732713382543075e+00
2.030507626906726770e+01,2.826369586421325053e+01,6.687254638935902662e+00
2.035508877219304935e+01,2.848230014497325158e+01,6.783780730661264968e+00
2.040510127531883100e+01,2.869244275995547611e+01,6.882328021354289227e+00
2.045511377844461265e+01,2.889400196254702990e+01,6.982913402679661097e+00
2.050512628157039430e+01,2.908686701251543383e+01,7.085553565826759659e+00
2.055513878469617595e+01,2.927093817573706858e+01,7.190265001473918893e+00
2.060515128782195760e+01,2.944612671157158701e+01,7.297063998586765798e+00
2.065516379094773924e+01,2.961235398349162651e+01,7.405966564980301037e+00
2.070517629407352089e+01,2.976955172348635514e+01,7.516988464782315305e+00
2.075518879719929899e+01,2.991766100852338539e+01,7.630145110046290924e+00
2.080520130032508064e+01,3.005663159313763444e+01,7.745451494407649129e+00
2.085521380345086229e+01,3.018642190943123538e+01,7.862922193083702993e+00
2.090522630657664394e+01,3.030699906707360469e+01,7.982571362873688514e+00
2.095523880970242558e+01,3.041833804332677360e+01,8.104412653685045598e+00
2.100525131282820723e+01,3.052042100666556124e+01,8.228459179394294054e+00
2.105526381595398888e+01,3.061323769166950015e+01,8.354723543497843963e+00
2.110527631907977053e+01,3.069678348314702987e+01,8.483217591312419259e+00
2.115528882220555218e+01,3.077105937667473867e+01,8.613952405207610852e+00
2.120530132533133383e+01,3.083607197859736360e+01,8.746938304605858860e+00
2.125531382845711548e+01,3.089183350602780465e+01,8.882184845982465049e+00
2.130532633158289713e+01,3.093836148403875086e+01,9.019700772883179951e+00
2.135533883470867877e+01,3.097567673606489080e+01,9.159493740223922487e+00
2.140535133783446042e+01,3.100380470500571661e+01,9.301570545428177184e+00
2.145536384096024207e+01,3.102277394097662011e+01,9.445936778030857184e+00
2.150537634408602372e+01,3.103261578701811274e+01,9.592596760275787560e+00
2.155538884721180537e+01,3.103336437909580425e+01,9.741553547115696432e+00
2.160540135033758702e+01,3.102505664610042047e+01,9.892808926212211418e+00
2.165541385346336511e+01,3.100773211573064359e+01,1.004636335227838551e+01
2.170542635658914676e+01,3.098143160229963300e+01,1.020221559718237181e+01
2.175543885971492841e+01,3.094619797029733732e+01,1.036036303295989569e+01
2.180545136284071006e+01,3.090207523995231043e+01,1.052080116581674574e+01
2.185546386596649171e+01,3.084910840052903325e+01,1.068352356092062827e+01
2.190547636909227336e+01,3.078734341032792798e+01,1.084852184240116735e+01
2.195548887221805501e+01,3.071682719668535455e+01,1.101578569334990831e+01
2.200550137534383666e+01,3.063760757371410648e+01,1.118530277409990248e+01
2.205551387846961831e+01,3.054973259806716612e+01,1.135705825305648453e+01
2.210552638159539995e+01,3.045325085126956211e+01,1.153103510322719139e+01
2.215553888472118160e+01,3.034821123630401374e+01,1.170721358270281343e+01
2.220555138784696325e+01,3.023466291457584276e+01,1.188557114971775341e+01
2.225556389097274490e+01,3.011265530591297690e+01,1.206608246265001760e+01
2.230557639409852655e+01,2.998223808856594275e+01,1.224871938002122107e+01
2.235558889722430820e+01,2.984346125820635010e+01,1.243345062355573738e+01
2.240560140035008985e+01,2.969637502591180933e+01,1.262024160457951005e+01
2.245561390347587150e+01,2.954102998324971807e+01,1.280905436306385425e+01
2.250562640660165314e+01,2.937747729930594076e+01,1.299984711108007573e+01
2.255563890972743124e+01,2.920576872106450494e+01,1.319257423156402353e+01
2.260565141285321289e+01,2.902595657340751600e+01,1.338718627831614683e+01
2.265566391597899454e+01,2.883809390488275071e+01,1.358362982996981394e+01
2.270567641910477619e+01,2.864223496814445014e+01,1.378184692776509124e+01
2.275568892223055784e+01,2.843843500143954373e+01,1.398177530592832341e+01
2.280570142535633948e+01,2.822675100343047205e+01,1.418334773842522800e+01
2.285571392848212113e+01,2.800724180136171171e+01,1.438649197638823729e+01
2.290572643160790278e+01,2.777996805105975042e+01,1.459113074811647870e+01
2.295573893473368443e+01,2.754499233519100088e+01,1.479718169967015662e+01
2.300575143785946608e+01,2.730238019624502144e+01,1.500455671811393366e+01
2.305576394098524773e+01,2.705219971150431846e+01,1.521316214478751050e+01
2.310577644411102938e+01,2.679452265945910128e+01,1.542289816805094382e+01
2.315578894723681103e+01,2.652942480982454043e+01,1.563365865898603602e+01
2.320580145036259267e+01,2.625698592354077121e+01,1.584533117139633518e+01
2.325581395348837432e+01,2.597728979083505862e+01,1.605779692682288129e+01
2.330582645661415597e+01,2.569042563021206504e+01,1.627093020103415810e+01
2.335583895973993762e+01,2.539648777789096101e+01,1.648459833176951861e+01
2.340585146286571572e+01,2.509557692568770548e+01,1.669866136669859813e+01
2.345586396599149737e+01,2.478780081659055767e+01,1.691297181688184992e+01
2.350587646911727902e+01,2.447327424476020852e+01,1.712737465677046700e+01
2.355588897224306066e+01,2.415211905552968119e+01,1.734170732420641414e+01
2.360590147536884231e+01,2.382446546013770217e+01,1.755579940736745570e+01
2.365591397849462396e+01,2.349045260541073787e+01,1.776947224899138078e+01
2.370592648162040561e+01,2.315022904281613947e+01,1.798253907282867914e+01
2.375593898474618726e+01,2.280395415831132411e+01,1.819480481900190938e+01
2.380595148787196891e+01,2.245179817263746003e+01,1.840606614395482410e+01
2.385596399099775056e+01,2.209394214131947365e+01,1.861611142045239475e+01
2.390597649412353221e+01,2.173057847449289781e+01,1.882472074709584220e+01
2.395598899724931385e+01,2.136191312420476862e+01,1.903166569244622508e+01
2.400600150037509550e+01,2.098816495698848783e+01,1.923670943762605745e+01
2.405601400350087715e+01,2.060956709127407649e+01,1.943960727180661507e+01
2.410602650662665880e+01,2.022636702207341131e+01,1.964010661154095061e+01
2.415603900975244045e+01,1.983882662380174722e+01,1.983794700340546768e+01
2.420605151287822210e+01,1.944722305147174879e+01,2.003286059187649215e+01
2.425606401600400375e+01,1.905184964113864510e+01,2.022457214155397764e+01
2.430607651912978184e+01,1.865301574493098613e+01,2.041280004963507011e+01
2.435608902225556349e+01,1.825104700241490718e+01,2.059725689467254028e+01
2.440610152538134514e+01,1.784628533781623005e+01,2.077764945002673969e+01
2.445611402850712679e+01,1.743908905927008846e+01,2.095367969939941588e+01
2.450612653163290844e+01,1.702983347562598482e+01,2.112504507706298895e+01
2.455613903475869009e+01,1.661890972924397758e+01,2.129144042926413505e+01
2.460615153788447174e+01,1.620672443379068994e+01,2.145255888211083217e+01
2.465616404101025338e+01,1.579369964856955200e+01,2.160809187804575160e+01
2.470617654413603503e+01,1.538027192495387396e+01,2.175773094243021788e+01
2.475618904726181668e+01,1.496689200413783993e+01,2.190116870766784274e+01
2.480620155038759833e+01,1.455402224109653631e+01,2.203810138946080599e+01
2.485621405351337998e+01,1.414213579507181429e+01,2.216822971551271948e+01
2.490622655663916163e+01,1.373171606136016898e+01,2.229125947831301957e+01
2.495623905976494328e+01,1.332325421928559805e+01,2.240690424683176474e+01
2.500625156289072493e+01,1.291724711415155191e+01,2.251488701008969784e+01
2.505626406601650658e+01,1.251419407368768333e+01,2.261494259626107350e+01
2.510627656914228822e+01,1.211459640805182758e+01,2.270681805231448536e+01
2.515628907226806987e+01,1.171895404616195613e+01,2.279027527319248492e+01
2.520630157539384797e+01,1.132776264087887874e+01,2.286509297432963095e+01
2.525631407851962962e+01,1.094150949676799378e+01,2.293106904215347441e+01
2.530632658164541127e+01,1.056067267412923094e+01,2.298802107264700467e+01
2.535633908477119292e+01,1.018571711720260176e+01,2.303578873866010568e+01
2.540635158789697456e+01,9.817091171148648598e+00,2.307423557456876750e+01
2.545636409102275621e+01,9.455222955282987840e+00,2.310325051534863761e+01
2.550637659414853786e+01,9.100519207570842539e+00,2.312274840286703181e+01
2.555638909727431951e+01,8.753361267744038443e+00,2.313267182367294694e+01
2.560640160040010116e+01,8.414102145498796759e+00,2.313299185652596890e+01
2.565641410352588281e+01,8.083064429204968704e+00,2.312370851588075382e+01
2.570642660665166446e+01,7.760538791588896146e+00,2.310485104350518526e+01
2.575643910977744611e+01,7.446781253631550967e+00,2.307647844439173923e+01
2.580645161290322775e+01,7.142011882835030079e+00,2.303867872842428355e+01
2.585646411602900940e+01,6.846414260903090465e+00,2.299156864080040918e+01
2.590647661915479105e+01,6.560134360332078529e+00,2.293529311688179817e+01
2.595648912228057270e+01,6.283280292852754911e+00,2.287002397898033124e+01
2.600650162540635435e+01,6.015922951865791291e+00,2.279595824582620622e+01
2.605651412853213245e+01,5.758096363756509461e+00,2.271331728446435605e+01
2.610652663165791409e+01,5.509798108682126383e+00,2.262234506013648883e+01
2.615653913478369574e+01,5.270991823267809906e+00,2.252330521734899094e+01
2.620655163790947739e+01,5.041608527072107826e+00,2.241647956619758020e+01
2.625656414103525904e+01,4.821548291229668770e+00,2.230216621335376814e+01
2.630657664416104069e+01,4.610681417496159007e+00,2.218067768460781508e+01
2.635658914728682234e+01,4.408853538915180614e+00,2.205233666430703465e+01
2.640660165041260399e+01,4.215887176155334259e+00,2.191747467966946061e+01
2.645661415353838564e+01,4.031582598049369359e+00,2.177643130426169193e+01
2.650662665666416729e+01,3.855722126399511840e+00,2.162955013650387315e+01
2.655663915978994893e+01,3.688072978486637510e+00,2.147717691890416347e+01
2.660665166291573058e+01,3.528389701998569272e+00,2.131965778489577090e+01
2.665666416604151223e+01,3.376416049371803840e+00,2.115733775400556738e+01
2.670667666916729388e+01,3.231887882088667396e+00,2.099055851233742231e+01
2.675668917229307553e+01,3.094536159008342668e+00,2.081965663701416602e+01
2.680670167541885718e+01,2.964087977133903262e+00,2.064496290861237426e+01
2.685671417854463883e+01,2.840268924664597350e+00,2.046680061461761824e+01
2.690672668167042048e+01,2.722805233284647297e+00,2.028548440889881732e+01
2.695673918479619857e+01,2.611425068414585660e+00,2.010131966165393180e+01
2.700675168792198022e+01,2.505859763487992886e+00,1.991460167561451655e+01
2.705676419104776187e+01,2.405845363089947231e+00,1.972561493486644579e+01
2.710677669417354352e+01,2.311123659055448254e+00,1.953463277917063579e+01
2.715678919729932517e+01,2.221442804566948759e+00,1.934191711309471273e+01
2.720680170042510682e+01,2.136558218679589949e+00,1.914771806349164152e+01
2.725681420355088846e+01,2.056233240742040280e+00,1.895227399600986828e+01
2.730682670667667011e+01,1.980239379576168357e+00,1.875581150319676027e+01
2.735683920980245176e+01,1.908356718917731731e+00,1.855854536590808834e+01
2.740685171292823341e+01,1.840374164344734220e+00,1.836067885826124524e+01
2.745686421605401506e+01,1.776089522775169849e+00,1.816240389211442618e+01
2.750687671917979671e+01,1.715309533324758995e+00,1.796390120006050495e+01
2.755688922230557836e+01,1.657849825758822337e+00,1.776534072277129894e+01
2.760690172543136001e+01,1.603534822754839828e+00,1.756688201985921793e+01
2.765691422855714166e+01,1.552197630093272052e+00,1.736867447120001984e+01
2.770692673168292330e+01,1.503679839848879540e+00,1.717085762832883233e+01
2.775693923480870495e+01,1.457831203198361791e+00,1.697356183478619940e+01
2.780695173793448660e+01,1.414509454025308921e+00,1.677690854420683664e+01
2.785696424106026470e+01,1.373580122911520984e+00,1.658101055595229667e+01
2.790697674418604635e+01,1.334916161377296628e+00,1.638597250482030176e+01
2.795698924731182800e+01,1.298397573012991746e+00,1.619189141374416607e+01
2.800700175043760964e+01,1.263911175688227972e+00,1.599885702122712949e+01
2.805701425356339129e+01,1.231350425179730479e+00,1.580695198411500080e+01
2.810702675668917294e+01,1.200614967909086284e+00,1.561625240584809227e+01
2.815703925981495459e+01,1.171610314606672754e+00,1.542682827171879012e+01
2.820705176294073624e+01,1.144247615302722787e+00,1.523874372515605380e+01
2.825706426606651789e+01,1.118443429526349009e+00,1.505205732460152568e+01
2.830707676919229954e+01,1.094119377529890080e+00,1.486682244643315443e+01
2.835708927231808119e+01,1.071201804880245412e+00,1.468308769166127625e+01
2.840710177544386283e+01,1.049621652416743878e+00,1.450089703611459058e+01
2.845711427856964448e+01,1.029314177276778652e+00,1.432029013939930273e+01
2.850712678169542613e+01,1.010218675334894289e+00,1.414130266542208680e+01
2.855713928482120778e+01,9.922782308496156389e-01,1.396396657148510734e+01
2.860715178794698943e+01,9.754396089260178870e-01,1.378831022772221360e+01
2.865716429107277108e+01,9.596529874333237231e-01,1.361435871586559188e+01
2.870717679419854917e+01,9.448717287055736769e-01,1.344213409019166505e+01
2.875718929732433082e+01,9.310522433558487965e-01,1.327165553043897184e+01
2.880720180045011247e+01,9.181538410421231644e-01,1.310293950820567765e+01
2.885721430357589412e+01,9.061385366034425681e-01,1.293600000606669376e+01
2.890722680670167577e+01,8.949708573951485890e-01,1.277084873368167273e+01
2.895723930982745742e+01,8.846177799787625640e-01,1.260749519857355949e+01
2.900725181295323907e+01,8.750485666206847535e-01,1.244594689208836691e+01
2.905726431607902072e+01,8.662346191419048047e-01,1.228620945518355434e+01
2.910727681920480236e+01,8.581493548116612136e-01,1.212828681679015830e+01
2.915728932233058401e+01,8.507681498290982081e-01,1.197218125882713835e+01
2.920730182545636566e+01,8.440682041637413979e-01,1.181789357432080223e+01
2.925731432858214731e+01,8.380284244094896584e-01,1.166542319986706033e+01
2.930732683170792896e+01,8.326293550763963491e-01,1.151476829293784476e+01
2.935733933483371061e+01,8.278531155292925270e-01,1.136592580747527137e+01
2.940735183795949226e+01,8.236833072780371801e-01,1.121889160644214023e+01
2.945736434108527391e+01,8.201049150583997749e-01,1.107366057487057809e+01
2.950737684421105556e+01,8.171042714266948392e-01,1.093022666070102566e+01
2.955738934733683720e+01,8.146689999241186753e-01,1.078858294670176043e+01
2.960740185046261530e+01,8.127879504178018299e-01,1.064872173309769821e+01
2.965741435358839695e+01,8.114511225955728380e-01,1.051063462785074520e+01
2.970742685671417860e+01,8.106496437073373862e-01,1.037431257340677782e+01
2.975743935983996025e+01,8.103757278510934636e-01,1.023974590239676985e+01
2.980745186296574190e+01,8.106226295213266875e-01,1.010692440245168733e+01
2.985746436609152354e+01,8.113845882078100091e-01,9.975837385881556330e+00
2.990747686921730519e+01,8.126568082792779979e-01,9.846473715540696503e+00
2.995748937234308684e+01,8.144354403984283008e-01,9.718821833664174292e+00
3.000750187546886849e+01,8.167175418049340552e-01,9.592869825192837041e+00
3.005751437859465014e+01,8.195010471741711600e-01,9.468605459339388020e+00
3.010752688172043179e+01,8.227847428346076741e-01,9.346016227282824218e+00
3.015753938484621344e+01,8.265682637870624960e-01,9.225089348006473955e+00
3.020755188797199509e+01,8.308520663690887043e-01,9.105811822732295724e+00
3.025756439109777673e+01,8.356374163064377303e-01,8.988170458150209541e+00
3.030757689422355838e+01,8.409263652175619219e-01,8.872151911755343789e+00
3.035758939734934003e+01,8.467217471997767753e-01,8.757742698524555891e+00
3.040760190047512168e+01,8.530271750802120856e-01,8.644929204740456896e+00
3.045761440360090333e+01,8.598470260246579011e-01,8.533697733624384441e+00
3.050762690672668143e+01,8.671864392170487434e-01,8.424034517514387588e+00
3.055763940985246307e+01,8.750513091754599238e-01,8.315925751190272663e+00
3.060765191297824472e+01,8.834482854490791626e-01,8.209357593170292233e+00
3.065766441610402637e+01,8.923847739697096104e-01,8.104316175423926794e+00
3.070767691922980802e+01,9.018689361227415491e-01,8.000787643043643982e+00
3.075768942235558967e+01,9.119096902192084242e-01,7.898758156158050880e+00
3.080770192548137132e+01,9.225167238508692469e-01,7.798213919549540130e+00
3.085771442860715297e+01,9.337004944573991105e-01,7.699141184694223483e+00
3.090772693173293462e+01,9.454722295987163516e-01,7.601526250018690867e+00
3.095773943485871627e+01,9.578439476433655564e-01,7.505355488673711939e+00
3.100775193798449791e+01,9.708284470322861015e-01,7.410615358569891065e+00
3.105776444111027956e+01,9.844393382719305308e-01,7.317292414900970599e+00
3.110777694423606121e+01,9.986910632863500448e-01,7.225373323689757932e+00
3.115778944736184286e+01,1.013598895417195056e+00,7.134844861788121051e+00
3.120780195048762451e+01,1.029178939424203687e+00,7.045693916877180385e+00
3.125781445361340616e+01,1.045448170315923297e+00,6.957907507923562385e+00
3.130782695673918781e+01,1.062424426130143651e+00,6.871472800047993879e+00
3.135783945986496590e+01,1.080126438912978548e+00,6.786377102837198194e+00
3.140785196299074755e+01,1.098573885168836695e+00,6.702607884850388054e+00
3.145786446611652920e+01,1.117787385860414817e+00,6.620152773619296660e+00
3.150787696924231085e+01,1.137788506408701217e+00,6.538999555648154605e+00
3.155788947236809250e+01,1.158599768661216167e+00,6.459136180118441040e+00
3.160790197549387415e+01,1.180244722858377449e+00,6.380550787488449060e+00
3.165791447861965580e+01,1.202747924463209106e+00,6.303231699074557604e+00
3.170792698174543744e+01,1.226135009327283143e+00,6.227167425674160484e+00
3.175793948487121909e+01,1.250432704746718748e+00,6.152346670076659585e+00
3.180795198799700074e+01,1.275668829462182297e+00,6.078758327063467526e+00
3.185796449112278239e+01,1.301872334450955515e+00,6.006391491218542988e+00
3.190797699424856404e+01,1.329073327704336727e+00,5.935235468392637159e+00
3.195798949737434569e+01,1.357303110959878323e+00,5.865279773325999813e+00
3.200800200050012734e+01,1.386594242279982403e+00,5.796514135208545859e+00
3.205801450362590543e+01,1.416980536175990402e+00,5.728928497696538891e+00
3.210802700675169064e+01,1.448497069768546863e+00,5.662513019749515486e+00
3.215803950987746873e+01,1.481180252183254886e+00,5.597258088182239355e+00
3.220805201300325393e+01,1.515067825129614354e+00,5.533154317491965735e+00
3.225806451612903203e+01,1.550198945096796566e+00,5.470192552274249387e+00
3.230807701925481723e+01,1.586614200900210880e+00,5.408363868773275129e+00
3.235808952238059533e+01,1.624355616496960364e+00,5.347659575188878911e+00
3.240810202550638053e+01,1.663466706180310117e+00,5.288071219677548562e+00
3.245811452863215862e+01,1.703992490774121071e+00,5.229590592457293852e+00
3.250812703175794383e+01,1.745979570838628092e+00,5.172209727154539749e+00
3.255813953488372192e+01,1.789476146350508223e+00,5.115920902134937442e+00
3.260815203800950712e+01,1.834532025565080771e+00,5.060716641487307044e+00
3.265816454113528522e+01,1.881198671082564111e+00,5.006589721749522326e+00
3.270817704426106332e+01,1.929529225725624464e+00,4.953533172037460908e+00
3.275818954738684852e+01,1.979578573811076048e+00,4.901540276306105781e+00
3.280820205051262661e+01,2.031403346485135319e+00,4.850604573740993963e+00
3.285821455363841181e+01,2.085061947047031961e+00,4.800719862227648349e+00
3.290822705676418991e+01,2.140614570617467738e+00,4.751880201015709737e+00
3.295823955988997511e+01,2.198123255772024276e+00,4.704079912031583710e+00
3.300825206301575321e+01,2.257651902149415246e+00,4.657313580975276146e+00
3.305826456614153841e+01,2.319266278448351759e+00,4.611576058898185337e+00
3.310827706926731651e+01,2.383034033467820390e+00,4.566862465160618001e+00
3.315828957239310171e+01,2.449024724910528583e+00,4.523168188391291977e+00
3.320830207551887980e+01,2.517309838622581175e+00,4.480488888064341424e+00
3.325831457864466500e+01,2.587962786993094788e+00,4.438820495429828483e+00
3.330832708177044310e+01,2.661058898306804643e+00,4.398159215480222706e+00
3.335833958489622830e+01,2.736675424168337756e+00,4.358501528077113107e+00
3.340835208802200640e+01,2.814891545147113483e+00,4.319844189600230422e+00
3.345836459114779160e+01,2.895788357314744044e+00,4.282184233612230884e+00
3.350837709427356970e+01,2.979448832223599020e+00,4.245518971521604179e+00
3.355838959739934779e+01,3.065957796094624488e+00,4.209845994061655716e+00
3.360840210052513299e+01,3.155401915880133856e+00,4.175163172773385334e+00
3.365841460365091109e+01,3.247869660410133807e+00,4.141468660312335182e+00
3.370842710677669629e+01,3.343451227610739540e+00,4.108760889727683718e+00
3.375843960990247439e+01,3.442238479662468986e+00,4.077038576594743446e+00
3.380845211302825959e+01,3.544324912689877483e+00,4.046300720082436797e+00
3.385846461615403769e+01,3.649805569356200596e+00,4.016546602320062220e+00
3.390847711927982289e+01,3.758776928523078542e+00,3.987775786879514950e+00
3.395848962240560098e+01,3.871336782637526230e+00,3.959988121473026812e+00
3.400850212553138618e+01,3.987584193930111987e+00,3.933183738453213785e+00
3.405851462865716428e+01,4.107619332368826370e+00,3.907363052358565625e+00
3.410852713178294948e+01,4.231543311871205582e+00,3.882526758831395863e+00
3.415853963490872758e+01,4.359458017450984713e+00,3.858675837350930671e+00
3.420855213803451278e+01,4.491466030506948925e+00,3.835811550891220278e+00
3.425856464116029088e+01,4.627670374823090071e+00,3.813935441085912537e+00
3.430857714428607608e+01,4.768174274972296622e+00,3.793049328892690308e+00
3.435858964741185417e+01,4.913080963565207959e+00,3.773155316698698414e+00
3.440860215053763937e+01,5.062493519303191469e+00,3.754255786359214309e+00
3.445861465366341747e+01,5.216514544147535126e+00,3.736353392652524086e+00
3.450862715678919557e+01,5.375245799547712977e+00,3.719451066114097593e+00
3.455863965991498077e+01,5.538788034262831061e+00,3.703552014135217174e+00
3.460865216304075886e+01,5.707240678580481230e+00,3.688659716164595537e+00
3.465866466616654407e+01,5.880701463530533246e+00,3.674777917517273451e+00
3.470867716929232216e+01,6.059265932515006448e+00,3.661910633455430997e+00
3.475868967241810736e+01,6.243027292370274317e+00,3.650062149323680227e+00
3.480870217554388546e+01,6.432075950423373101e+00,3.639237012251204995e+00
3.485871467866967066e+01,6.626499050380484590e+00,3.629440026947103437e+00
3.490872718179544876e+01,6.826379910535591122e+00,3.620676260162865034e+00
3.495873968492123396e+01,7.031797865383192736e+00,3.612951039946870058e+00
3.500875218804701205e+01,7.242827663524741055e+00,3.606269944076428313e+00
3.505876469117279726e+01,7.459538922637663383e+00,3.600638798160663789e+00
3.510877719429857535e+01,7.681995512788803993e+00,3.596063680295278342e+00
3.515878969742436055e+01,7.910255385951988849e+00,3.592550919855409752e+00
3.520880220055013865e+01,8.144369870378753262e+00,3.590107083416309131e+00
3.525881470367592385e+01,8.384383086442211308e+00,3.588738973816699485e+00
3.530882720680170195e+01,8.630331245551468911e+00,3.588453635794480512e+00
3.535883970992748004e+01,8.882242511219862635e+00,3.589258355242083365e+00
3.540885221305326525e+01,9.140136240158977188e+00,3.591160644367954013e+00
3.545886471617904334e+01,9.404022454392782393e+00,3.594168237508291064e+00
3.550887721930482854e+01,9.673900999310216520e+00,3.598289099916646805e+00
3.555888972243060664e+01,9.949761444293802271e+00,3.603531428023204697e+00
3.560890222555639184e+01,1.023158245215935125e+01,3.609903639731693037e+00
3.565891472868216994e+01,1.051933129875303941e+01,3.617414357932707603e+00
3.570892723180795514e+01,1.081296305335628105e+01,3.626072424316519438e+00
3.575893973493373323e+01,1.111242028275568394e+01,3.635886901933830462e+00
3.580895223805951844e+01,1.141763295351713126e+01,3.646867074429709810e+00
3.585896474118529653e+01,1.172851767843189208e+01,3.659022426303687237e+00
3.590897724431108173e+01,1.204497750939006195e+01,3.672362637456283885e+00
3.595898974743685983e+01,1.236690134238212835e+01,3.686897600602959013e+00
3.600900225056264503e+01,1.269416383993988440e+01,3.702637422176058291e+00
3.605901475368842313e+01,1.302662541302356125e+01,3.719592421897830015e+00
3.610902725681420833e+01,1.336413179724530131e+01,3.737773113327457875e+00
3.615903975993998642e+01,1.370651386962462404e+01,3.757190193714702087e+00
3.620905226306576452e+01,1.405358781830579673e+01,3.777854567515907203e+00
3.625906476619154972e+01,1.440515513700387018e+01,3.799777348327340043e+00
3.630907726931732782e+01,1.476100262500452942e+01,3.822969858885175931e+00
3.635908977244311302e+01,1.512090263094301612e+01,3.847443622334919322e+00
3.640910227556889112e+01,1.548461300388629702e+01,3.873210339323377216e+00
3.645911477869467632e+01,1.585187773526035571e+01,3.900281911955480130e+00
3.650912728182045441e+01,1.622242762324225396e+01,3.928670449607347237e+00
3.655913978494623962e+01,1.659598027446593349e+01,3.958388268915253416e+00
3.660915228807201771e+01,1.697224046215694671e+01,3.989447890780001060e+00
3.665916479119780291e+01,1.735090108350650340e+01,4.021862021879096361e+00
3.670917729432358101e+01,1.773164361649096321e+01,4.055643568102135887e+00
3.675918979744936621e+01,1.811413969648754119e+01,4.090805643205645659e+00
3.680920230057514431e+01,1.849805118766541412e+01,4.127361568759685184e+00
3.685921480370092951e+01,1.888303067063687024e+01,4.165324872312027971e+00
3.690922730682670760e+01,1.926872300753301914e+01,4.204709275637004140e+00
3.695923980995249281e+01,1.965476598957931387e+01,4.245528703286900907e+00
3.700925231307827090e+01,2.004079238232642268e+01,4.287797288322412470e+00
3.705926481620405610e+01,2.042643002768411264e+01,4.331529372279607770e+00
3.710927731932983420e+01,2.081130250624771350e+01,4.376739503463805470e+00
3.715928982245561230e+01,2.119503102636481628e+01,4.423442429920748431e+00
3.720930232558139750e+01,2.157723520918490578e+01,4.471653104846399884e+00
3.725931482870717559e+01,2.195753527358131052e+01,4.521386687395490434e+00
3.730932733183296079e+01,2.233555212029508397e+01,4.572658542584961516e+00
3.735933983495873889e+01,2.271090799752144207e+01,4.625484239407634313e+00
3.740935233808452409e+01,2.308322854105850297e+01,4.679879546605566709e+00
3.745936484121030219e+01,2.345214337391787751e+01,4.735860434344171033e+00
3.750937734433608739e+01,2.381728820669992075e+01,4.793443068809936314e+00
3.755938984746186549e+01,2.417830492791527774e+01,4.852643811949316266e+00
3.760940235058765069e+01,2.453484199492552520e+01,4.913479219434129242e+00
3.765941485371342878e+01,2.488655639388020546e+01,4.975966035680425392e+00
3.770942735683921399e+01,2.523311386289283220e+01,5.040121194259373993e+00
3.775943985996499208e+01,2.557419060210627748e+01,5.105961802819887652e+00
3.780945236309077728e+01,2.590947342749499072e+01,5.173505141976138866e+00
3.785946486621655538e+01,2.623865986069855438e+01,5.242768663951508756e+00
3.790947736934234058e+01,2.656145944144580184e+01,5.313769981627874728e+00
3.795948987246811868e+01,2.687759393983277789e+01,5.386526873072997823e+00
3.800950237559389677e+01,2.718679815118209575e+01,5.461057252924347516e+00
3.805951487871968197e+01,2.748882012376837380e+01,5.537379167037523864e+00
3.810952738184546007e+01,2.778342115894395548e+01,5.615510792468078272e+00
3.815953988497124527e+01,2.807037609365223929e+01,5.695470420814004342e+00
3.820955238809702337e+01,2.834947376524823071e+01,5.777276461291481091e+00
3.825956489122280857e+01,2.862051679319276332e+01,5.860947409413938658e+00
3.830957739434858667e+01,2.888332160298489626e+01,5.946501823228551586e+00
3.835958989747437187e+01,2.913771842616221619e+01,6.033958323316332084e+00
3.840960240060014996e+01,2.938355120689044142e+01,6.123335584930455155e+00
3.845961490372593516e+01,2.962067731027341111e+01,6.214652307762227323e+00
3.850962740685171326e+01,2.984896761165865442e+01,6.307927224357322338e+00
3.855963990997749846e+01,3.006830553164524744e+01,6.403179029536838485e+00
3.860965241310327656e+01,3.027858694060313027e+01,6.500426372998114211e+00
3.865966491622906176e+01,3.047972015867334861e+01,6.599687859314840033e+00
3.870967741935483986e+01,3.067162547533154182e+01,6.700982019702084180e+00
3.875968992248062506e+01,3.085423441671897749e+01,6.804327281769777080e+00
3.880970242560640315e+01,3.102748981297964193e+01,6.909741970591715798e+00
3.885971492873218125e+01,3.119134418491263716e+01,7.017244200933724585e+00
3.890972743185796645e+01,3.134575968694150561e+01,7.126851873624859834e+00
3.895973993498374455e+01,3.149070810711415547e+01,7.238582675557369228e+00
3.900975243810952975e+01,3.162617062721220407e+01,7.352454060806489444e+00
3.905976494123530784e+01,3.175213583244001114e+01,7.468483122975770883e+00
3.910977744436109305e+01,3.186860138763725203e+01,7.586686758530854391e+00
3.915978994748687114e+01,3.197557145680429613e+01,7.707081420445950570e+00
3.920980245061265634e+01,3.207305608736631086e+01,7.829683064747781529e+00
3.925981495373843444e+01,3.216107121017314086e+01,7.954507150515451208e+00
3.930982745686421964e+01,3.223963863949941100e+01,8.081568639880577720e+00
3.935983995998999774e+01,3.230878607304440919e+01,8.210881998027158346e+00
3.940985246311578294e+01,3.236854609691964413e+01,8.342461090287040193e+00
3.945986496624156104e+01,3.241895423926435171e+01,8.476319028948557488e+00
3.950987746936734624e+01,3.246005039453081054e+01,8.612468273127827700e+00
3.955988997249312433e+01,3.249187711456331584e+01,8.750920387554719682e+00
3.960990247561890953e+01,3.251447954160132525e+01,8.891686034635315039e+00
3.965991497874468763e+01,3.252790540827943033e+01,9.034774974451744711e+00
3.970992748187047283e+01,3.253220496093691594e+01,9.180196047046511154e+00
3.975993998499625093e+01,3.252742964736378184e+01,9.327956922595525668e+00
3.980995248812202902e+01,3.251363248521362692e+01,9.478064236443650259e+00
3.985996499124781423e+01,3.249086731980255394e+01,9.630523299810377580e+00
3.990997749437359232e+01,3.245918848782999788e+01,9.785338006618369278e+00
3.995998999749937752e+01,3.241865081737864784e+01,9.942510833493603428e+00
4.001000250062515562e+01,3.236930962791451805e+01,1.010204283976520401e+01
4.006001500375094082e+01,3.231122038694184084e+01,1.026393349681475975e+01
4.011002750687671892e+01,3.224443813217806110e+01,1.042818052045059218e+01
4.016004001000250412e+01,3.216901773196827463e+01,1.059477987826119971e+01
4.021005251312828221e+01,3.208501347221285727e+01,1.076372545457355834e+01
4.026006501625406742e+01,3.199247904885233851e+01,1.093500904576555754e+01
4.031007751937984551e+01,3.189146756786751524e+01,1.110862036026580490e+01
4.036009002250563071e+01,3.178203151107462432e+01,1.128454691235504903e+01
4.041010252563140881e+01,3.166422249649188814e+01,1.146277366798460484e+01
4.046011502875719401e+01,3.153809136718681572e+01,1.164328317650643463e+01
4.051012753188297211e+01,3.140368823751748906e+01,1.182605509563901869e+01
4.056014003500875731e+01,3.126106248875138860e+01,1.201106615255488208e+01
4.061015253813453540e+01,3.111026276906555310e+01,1.219829014388038857e+01
4.066016504126031350e+01,3.095133704135836794e+01,1.238769785788199229e+01
4.071017754438609870e+01,3.078433281405585475e+01,1.257925658947608838e+01
4.076019004751187680e+01,3.060929702050302126e+01,1.277293032370006642e+01
4.081020255063766200e+01,3.042627649655688771e+01,1.296867916484532302e+01
4.086021505376344010e+01,3.023531804439395998e+01,1.316645924758611130e+01
4.091022755688922530e+01,3.003646843251003418e+01,1.336622273697977192e+01
4.096024006001500339e+01,2.982977446810634348e+01,1.356791776876211664e+01
4.101025256314078860e+01,2.961528367143512241e+01,1.377148785352736482e+01
4.106026506626656669e+01,2.939304400815859708e+01,1.397687207260931253e+01
4.111027756939235189e+01,2.916310474478124348e+01,1.418400445055818970e+01
4.116029007251812999e+01,2.892551663611853385e+01,1.439281380855842585e+01
4.121030257564391519e+01,2.868033192529667019e+01,1.460322376442888448e+01
4.126031507876969329e+01,2.842760442256208009e+01,1.481515268706434618e+01
4.131032758189547849e+01,2.816739060473078382e+01,1.502851302192891048e+01
4.136034008502125658e+01,2.789974925407543438e+01,1.524321145734080396e+01
4.141035258814704179e+01,2.762474266183435390e+01,1.545914830412898944e+01
4.146036509127281988e+01,2.734243698699279435e+01,1.567621729824822374e+01
4.151037759439859798e+01,2.705290225628266754e+01,1.589430560077927090e+01
4.156039009752438318e+01,2.675621243745277411e+01,1.611329376798676094e+01
4.161040260065016128e+01,2.645244695741494212e+01,1.633305506866457435e+01
4.166041510377594648e+01,2.614169030084111256e+01,1.655345555914460931e+01
4.171042760690172457e+01,2.582403350712277046e+01,1.677435359629615874e+01
4.176044011002750977e+01,2.549957475788459149e+01,1.699559961765977434e+01
4.181045261315328787e+01,2.516841937698481857e+01,1.721703614144700722e+01
4.186046511627907307e+01,2.483067986826196361e+01,1.743849775815218095e+01
4.191047761940485117e+01,2.448647774244133046e+01,1.765981061663946505e+01
4.196049012253063637e+01,2.413594331038648733e+01,1.788079225471051359e+01
4.201050262565641447e+01,2.377921713506701096e+01,1.810125151154798573e+01
4.206051512878219967e+01,2.341645097915008833e+01,1.832098836861294444e+01
4.211052763190797776e+01,2.304780780500091453e+01,1.853979394964457228e+01
4.216054013503376297e+01,2.267346177468228419e+01,1.875745052066044849e+01
4.221055263815954106e+01,2.229359972362394515e+01,1.897373144529519351e+01
4.226056514128532626e+01,2.190842219557125503e+01,1.918840069172450313e+01
4.231057764441110436e+01,2.151814368630476437e+01,1.940121330044260262e+01
4.236059014753688956e+01,2.112299403354317207e+01,1.961191567552701187e+01
4.241060265066266766e+01,2.072321841736065196e+01,1.982024558467398734e+01
4.246061515378844575e+01,2.031907736018644428e+01,2.002593215919874936e+01
4.251062765691423095e+01,1.991084748062737120e+01,2.022869621187758682e+01
4.256064016004000905e+01,1.949882328817625421e+01,2.042825056226368474e+01
4.261065266316579425e+01,1.908331649406789410e+01,2.062430058581862369e+01
4.266066516629157235e+01,1.866465657813508017e+01,2.081654511686687670e+01
4.271067766941735755e+01,1.824319080347877531e+01,2.100467645956693019e+01
4.276069017254313565e+01,1.781928429224116073e+01,2.118838114395243721e+01
4.281070267566892085e+01,1.739332077604606397e+01,2.136734053207274897e+01
4.286071517879469894e+01,1.696570168153824909e+01,2.154123233306360419e+01
4.291072768192048414e+01,1.653684558131807947e+01,2.170973198581856778e+01
4.296074018504626224e+01,1.610718819105749944e+01,2.187251266451585963e+01
4.301075268817204744e+01,1.567718154281430643e+01,2.202924681136658691e+01
4.306076519129782554e+01,1.524729362305691360e+01,2.217960752661028678e+01
4.311077769442361074e+01,1.481800592937111816e+01,2.232327090633618383e+01
4.316079019754938884e+01,1.438981228898082776e+01,2.245991740771542311e+01
4.321080270067517404e+01,1.396321842074367403e+01,2.258923227562720015e+01
4.326081520380095213e+01,1.353873935125890071e+01,2.271090840610174766e+01
4.331082770692673023e+01,1.311689729610023925e+01,2.282464811953584771e+01
4.336084021005251543e+01,1.269821799851783339e+01,2.293016594428141275e+01
4.341085271317829353e+01,1.228323017025937602e+01,2.302718905428010387e+01
4.346086521630407873e+01,1.187246199897793275e+01,2.311546000130671175e+01
4.351087771942985682e+01,1.146643796057096587e+01,2.319473896904599997e+01
4.356089022255564203e+01,1.106567426400522791e+01,2.326480641949708428e+01
4.361090272568142012e+01,1.067067779309770792e+01,2.332546373742392731e+01
4.366091522880720532e+01,1.028194194590397714e+01,2.337653578311028824e+01
4.371092773193298342e+01,9.899942711947618434e+00,2.341787295153378423e+01
4.376094023505876862e+01,9.525134624330080513e+00,2.344935291752709716e+01
4.381095273818454672e+01,9.157949416586792069e+00,2.347088123467693066e+01
4.386096524131033192e+01,8.798791551979208592e+00,2.348239339662253400e+01
4.391097774443611002e+01,8.448034911812614567e+00,2.348385571687952122e+01
4.396099024756189522e+01,8.106020518829414101e+00,2.347526584561549257e+01
4.401100275068767331e+01,7.773054706286353088e+00,2.345665316195865202e+01
4.406101525381345851e+01,7.449406132902032240e+00,2.342807933208225535e+01
4.411102775693923661e+01,7.135304312824708006e+00,2.338963753781210286e+01
4.416104026006501471e+01,6.830939042814287099e+00,2.334145220112418428e+01
4.421105276319079991e+01,6.536459013692851983e+00,2.328367839285296625e+01
4.426106526631657800e+01,6.251971764548700961e+00,2.321650023019867604e+01
4.431107776944236321e+01,5.977544256827285629e+00,2.314012928112126843e+01
4.436109027256814130e+01,5.713203334412876977e+00,2.305480340154504404e+01
4.441110277569392650e+01,5.458936224277246119e+00,2.296078486402628371e+01
4.446111527881970460e+01,5.214693617349025700e+00,2.285835689225529421e+01
4.451112778194548980e+01,4.980390733923612423e+00,2.274782245470483488e+01
4.456114028507126790e+01,4.755909273258483339e+00,2.262950191043297110e+01
4.461115278819705310e+01,4.541099894582060870e+00,2.250373021100033455e+01
4.466116529132283119e+01,4.335786723372335949e+00,2.237085318234166209e+01
4.471117779444861640e+01,4.139768325850972097e+00,2.223122666770167299e+01
4.476119029757439449e+01,3.952820928504677145e+00,2.208521348514912219e+01
4.481120280070017969e+01,3.774702143609742766e+00,2.193318043863880362e+01
4.486121530382595779e+01,3.605154109353470915e+00,2.177549613607063961e+01
4.491122780695174299e+01,3.443905436488965410e+00,2.161252942388839671e+01
4.496124031007752109e+01,3.290674516556524765e+00,2.144464679488504899e+01
4.501125281320330629e+01,3.145172894050819679e+00,2.127221031135712082e+01
4.506126531632908438e+01,3.007106675104781246e+00,2.109557665216777522e+01
4.511127781945486248e+01,2.876179281977678137e+00,2.091509511826414780e+01
4.516129032258064768e+01,2.752093956334282776e+00,2.073110628458940852e+01
4.521130282570642578e+01,2.634555126058676144e+00,2.054394124421366641e+01
4.526131532883221098e+01,2.523270187400586728e+00,2.035392045623401103e+01
4.531132783195798908e+01,2.417951283093538795e+00,2.016135295524426851e+01
4.536134033508377428e+01,2.318316263703954050e+00,1.996653596375141149e+01
4.541135283820955237e+01,2.224089774927722196e+00,1.976975431090404811e+01
4.546136534133533758e+01,2.135004324632246764e+00,1.957128016558722550e+01
4.551137784446111567e+01,2.050800826178903691e+00,1.937137296358196537e+01
4.556139034758690087e+01,1.971229146584955849e+00,1.917027923761989427e+01
4.561140285071267897e+01,1.896048596290349053e+00,1.896823274234603929e+01
4.566141535383846417e+01,1.825028146950087304e+00,1.876545461380629476e+01
4.571142785696424227e+01,1.757946579666452402e+00,1.856215347419649930e+01
4.576144036009002747e+01,1.694592560663847225e+00,1.835852579379342231e+01
4.581145286321580556e+01,1.634764619366701366e+00,1.815475624069313199e+01
4.586146536634159077e+01,1.578271052470858304e+00,1.795101792640049965e+01
4.591147786946736886e+01,1.524929756760801336e+00,1.774747282758772116e+01
4.596149037259314696e+01,1.474567960883338635e+00,1.754427237979677656e+01
4.601150287571893216e+01,1.427022088561907376e+00,1.734155769619979637e+01
4.606151537884471026e+01,1.382137445711456802e+00,1.713946000107227263e+01
4.611152788197049546e+01,1.339767814288471914e+00,1.693810126436484964e+01
4.616154038509627355e+01,1.299775161476735885e+00,1.673759464468122360e+01
4.621155288822205875e+01,1.262029453981894589e+00,1.653804470866357690e+01
4.626156539134783685e+01,1.226408201302084056e+00,1.633954797130087755e+01
4.631157789447362205e+01,1.192796037233085693e+00,1.614219346672629385e+01
4.636159039759940015e+01,1.161084410844028803e+00,1.594606314348115461e+01
4.641160290072518535e+01,1.131171431750626288e+00,1.575123203429014751e+01
4.646161540385096345e+01,1.102961356438534546e+00,1.555776882906658010e+01
4.651162790697674865e+01,1.076364253275573057e+00,1.536573629932313700e+01
4.656164041010252674e+01,1.051295727197776309e+00,1.517519162123917020e+01
4.661165291322831195e+01,1.027676709449481418e+00,1.498618660319266205e+01
4.666166541635409004e+01,1.005433077759116278e+00,1.479876810632463879e+01
4.671167791947987524e+01,9.844953144821809721e-01,1.461297844444141525e+01
4.676169042260565334e+01,9.647983556104300362e-01,1.442885555332989789e+01
4.681170292573143143e+01,9.462813237632267116e-01,1.424643327886925448e+01
4.686171542885721664e+01,9.288872422906609971e-01,1.406574169660543916e+01
4.691172793198299473e+01,9.125627741383705027e-01,1.388680740499812138e+01
4.696174043510877993e+01,8.972581177648482065e-01,1.370965363863222386e+01
4.701175293823455803e+01,8.829267413948893584e-01,1.353430055800386533e+01
4.706176544136034323e+01,8.695251570864187540e-01,1.336076550143128294e+01
4.711177794448612133e+01,8.570127786465755459e-01,1.318906314101086963e+01
4.716179044761190653e+01,8.453517808121312482e-01,1.301920563692612909e+01
4.721180295073768463e+01,8.345069079260596379e-01,1.285120284964112081e+01
4.726181545386346983e+01,8.244452846371416177e-01,1.268506254782706932e+01
4.731182795698924792e+01,8.151363527257208252e-01,1.252079047768295261e+01
4.736184046011503312e+01,8.065517148342534748e-01,1.235839053810559207e+01
4.741185296324081122e+01,7.986649925753255275e-01,1.219786493885597167e+01
4.746186546636659642e+01,7.914517054719615308e-01,1.203921433300571842e+01
4.751187796949237452e+01,7.848892172780638221e-01,1.188243787783533989e+01
4.756189047261815972e+01,7.789566064731987538e-01,1.172753338449238925e+01
4.761190297574393782e+01,7.736345543479992148e-01,1.157449744234694577e+01
4.766191547886972302e+01,7.689052787666696975e-01,1.142332549226513194e+01
4.771192798199550111e+01,7.647524746127666306e-01,1.127401189725452468e+01
4.776194048512127921e+01,7.611612257514940305e-01,1.112655004826948968e+01
4.781195298824706441e+01,7.581179113165574801e-01,1.098093246951231094e+01
4.786196549137284251e+01,7.556101721110178859e-01,1.083715085660462485e+01
4.791197799449862771e+01,7.536268572487752060e-01,1.069519614360541482e+01
4.796199049762440580e+01,7.521579633864684533e-01,1.055505858010889675e+01
4.801200300075019101e+01,7.511945628721480306e-01,1.041672781471725351e+01
4.806201550387596910e+01,7.507287828288762288e-01,1.028019291984201899e+01
4.811202800700175430e+01,7.507537674888390411e-01,1.014544244306965837e+01
4.816204051012753240e+01,7.512636348843571010e-01,1.001246446751876817e+01
4.821205301325331760e+01,7.522534255137243164e-01,9.881246675598596596e+00
4.826206551637909570e+01,7.537190833394742384e-01,9.751776373207936999e+00
4.831207801950488090e+01,7.556574393687075508e-01,9.624040515352817238e+00
4.836209052263065900e+01,7.580661747093783154e-01,9.498025765500772266e+00
4.841210302575644420e+01,7.609437946504757910e-01,9.373718532457351316e+00
4.846211552888222229e+01,7.642896043410103424e-01,9.251105005920432944e+00
4.851212803200800749e+01,7.681037064879793208e-01,9.130171161099292831e+00
4.856214053513378559e+01,7.723869772348082030e-01,9.010902808192536639e+00
4.861215303825956369e+01,7.771410554733392262e-01,8.893285613787034194e+00
4.866216554138534889e+01,7.823683222631275802e-01,8.777305142077425515e+00
4.871217804451112698e+01,7.880718973341432898e-01,8.662946861955568068e+00
4.876219054763691219e+01,7.942556367840969411e-01,8.550196157151940923e+00
4.881220305076269028e+01,8.009241208851954896e-01,8.439038369632186232e+00
4.886221555388847548e+01,8.080826525766735546e-01,8.329458808773877010e+00
4.891222805701425358e+01,8.157372533025182282e-01,8.221442783006006394e+00
4.896224056014003878e+01,8.238946626577097199e-01,8.114975601806069250e+00
4.901225306326581688e+01,8.325623398293383604e-01,8.010042581285265584e+00
4.906226556639160208e+01,8.417484663891127150e-01,7.906629081849033902e+00
4.911227806951738017e+01,8.514619445532753961e-01,7.804720509028229003e+00
4.916229057264316538e+01,8.617124144622564375e-01,7.704302340367227053e+00
4.921230307576894347e+01,8.725102557875689113e-01,7.605360129079875797e+00
4.926231557889472867e+01,8.838665877318196973e-01,7.507879504049378205e+00
4.931232808202050677e+01,8.957932853591200617e-01,7.411846185868978587e+00
4.936234058514629197e+01,9.083029823978427952e-01,7.317246010511010645e+00
4.941235308827207007e+01,9.214090842511112323e-01,7.224064927643921052e+00
4.946236559139784816e+01,9.351258044392996016e-01,7.132289019500348104e+00
4.951237809452363337e+01,9.494681648334252211e-01,7.041904501037872244e+00
4.956239059764941146e+01,9.644519956551425022e-01,6.952897719939056920e+00
4.961240310077519666e+01,9.800939538002290119e-01,6.865255163962870277e+00
4.966241560390097476e+01,9.964115613686617134e-01,6.778963490078163012e+00
4.971242810702675996e+01,1.013423181547524754e+00,6.694009512695061836e+00
4.976244061015253806e+01,1.031148101536244255e+00,6.610380219472916430e+00
4.981245311327832326e+01,1.049606537804380846e+00,6.528062772807407654e+00
4.986246561640410135e+01,1.068819636091609793e+00,6.447044509830647030e+00
4.991247811952988656e+01,1.088809472173110748e+00,6.367312942599163250e+00
4.996249062265566465e+01,1.109599116511664763e+00,6.288855777832933924e+00
5.001250312578144985e+01,1.131212637935725907e+00,6.211660922423424047e+00
5.006251562890722795e+01,1.153675149124879118e+00,6.135716479743042129e+00
5.011252813203301315e+01,1.177012844304186734e+00,6.061010756038704095e+00
5.016254063515879125e+01,1.201252999244162734e+00,5.987532260431928322e+00
5.021255313828457645e+01,1.226423991648299072e+00,5.915269708022637296e+00
5.026256564141035454e+01,1.252555354226563500e+00,5.844212033360566494e+00
5.031257814453613975e+01,1.279677780934808551e+00,5.774348387643898128e+00
5.036259064766191784e+01,1.307823211005945563e+00,5.705668143316764862e+00
5.041260315078769594e+01,1.337024833253148692e+00,5.638160894490719777e+00
5.046261565391348114e+01,1.367317088670984893e+00,5.571816457233298436e+00
5.051262815703925924e+01,1.398735734815487186e+00,5.506624879212817625e+00
5.056264066016504444e+01,1.431317854845663984e+00,5.442576442054904540e+00
5.061265316329082253e+01,1.465101935444040659e+00,5.379661661785930526e+00
5.066266566641660773e+01,1.500127893193626827e+00,5.317871290612040447e+00
5.071267816954238583e+01,1.536437076978146576e+00,5.257196317139670505e+00
5.076269067266817103e+01,1.574072322594338713e+00,5.197627973166955684e+00
5.081270317579394913e+01,1.613077973063099746e+00,5.139157735962614382e+00
5.086271567891973433e+01,1.653499954406005390e+00,5.081777329020262357e+00
5.091272818204551243e+01,1.695385796952867841e+00,5.025478723209301002e+00
5.096274068517129763e+01,1.738784646972535208e+00,4.970254137881594758e+00
5.101275318829707572e+01,1.783747314786176430e+00,4.916096046870593206e+00
5.106276569142286093e+01,1.830326308169816452e+00,4.862997178358969386e+00
5.111277819454863902e+01,1.878575894261300672e+00,4.810950516768719432e+00
5.116279069767442422e+01,1.928552104846641191e+00,4.759949303122505526e+00
5.121280320080020232e+01,1.980312768847133142e+00,4.709987038761366485e+00
5.126281570392598042e+01,2.033917536548934812e+00,4.661057487001865951e+00
5.131282820705176562e+01,2.089427940411463513e+00,4.613154674551465106e+00
5.136284071017754371e+01,2.146907407793019917e+00,4.566272892172974274e+00
5.141285321330332891e+01,2.206421277352923926e+00,4.520406696938612967e+00
5.146286571642910701e+01,2.268036814216805475e+00,4.475550914031924954e+00
5.151287821955489221e+01,2.331823255439715581e+00,4.431700638178298846e+00
5.156289072268067031e+01,2.397851823995853504e+00,4.388851234513173161e+00
5.161290322580645551e+01,2.466195731107563294e+00,4.346998340144867079e+00
5.166291572893223361e+01,2.536930175773121299e+00,4.306137865252243735e+00
5.171292823205801881e+01,2.610132369553868958e+00,4.266265994823594809e+00
5.176294073518379690e+01,2.685881542878546746e+00,4.227379189502157075e+00
5.181295323830958210e+01,2.764258927069741301e+00,4.189474186596181760e+00
5.186296574143536020e+01,2.845347733373608357e+00,4.152548000369662873e+00
5.191297824456114540e+01,2.929233148829115230e+00,4.116597924173007961e+00
5.196299074768692350e+01,3.016002330268328091e+00,4.081621531079715481e+00
5.201300325081270870e+01,3.105744351344489562e+00,4.047616673951937472e+00
5.206301575393848680e+01,3.198550154988176519e+00,4.014581485474845834e+00
5.211302825706426489e+01,3.294512513914300555e+00,3.982514380442722324e+00
5.216304076019005009e+01,3.393726005048896877e+00,3.951414056002529041e+00
5.221305326331582819e+01,3.496286904409076968e+00,3.921279490183458449e+00
5.226306576644161339e+01,3.602293099981870306e+00,3.892109942691096780e+00
5.231307826956739149e+01,3.711844024461800284e+00,3.863904956807670210e+00
5.236309077269317669e+01,3.825040578696464966e+00,3.836664358742157610e+00
5.241310327581895478e+01,3.941984976842482169e+00,3.810388254674831554e+00
5.246311577894473999e+01,4.062780590295004046e+00,3.785077033051139850e+00
5.251312828207051808e+01,4.187531874000874232e+00,3.760731365546461369e+00
5.256314078519630328e+01,4.316344192442860717e+00,3.737352204287496260e+00
5.261315328832208138e+01,4.449323611706552661e+00,3.714940779308284480e+00
5.266316579144786658e+01,4.586576674379191587e+00,3.693498601511661761e+00
5.271317829457364468e+01,4.728210308467346579e+00,3.673027462389560682e+00
5.276319079769942988e+01,4.874331531042516374e+00,3.653529428270628987e+00
5.281320330082520798e+01,5.025047155230189411e+00,3.635006840387455807e+00
5.286321580395099318e+01,5.180463553614112371e+00,3.617462317174909181e+00
5.291322830707677127e+01,5.340686462051704275e+00,3.600898751785396090e+00
5.296324081020255647e+01,5.505820603678514225e+00,3.585319304649531524e+00
5.301325331332833457e+01,5.675969258357768332e+00,3.570727406538741100e+00
5.306326581645411267e+01,5.851234070318216851e+00,3.557126759514609216e+00
5.311327831957989787e+01,6.031714673852705211e+00,3.544521330732426367e+00
5.316329082270567596e+01,6.217508248525985159e+00,3.532915346555879132e+00
5.321330332583146117e+01,6.408708979105362857e+00,3.522313296858428977e+00
5.326331582895723926e+01,6.605407886397493655e+00,3.512719934619826567e+00
5.331332833208302446e+01,6.807692273321730880e+00,3.504140265636625173e+00
5.336334083520880256e+01,7.015645182566134785e+00,3.496579546221092905e+00
5.341335333833458776e+01,7.229344828136341050e+00,3.490043287411560780e+00
5.346336584146036586e+01,7.448864387104772611e+00,3.484537253205941987e+00
5.351337834458615106e+01,7.674271313933539673e+00,3.480067447011522042e+00
5.356339084771192915e+01,7.905626703333257232e+00,3.476640112963249152e+00
5.361340335083771436e+01,8.142984717987733490e+00,3.474261739831725926e+00
5.366341585396349245e+01,8.386392342610932360e+00,3.472939058500747134e+00
5.371342835708927765e+01,8.635888618165525443e+00,3.472679025933731456e+00
5.376344086021505575e+01,8.891503963524279186e+00,3.473488828548778606e+00
5.381345336334084095e+01,9.153259554737292802e+00,3.475375886804929149e+00
5.386346586646661905e+01,9.421167133273518957e+00,3.478347853485938224e+00
5.391347836959239714e+01,9.695228184690684259e+00,3.482412596056029486e+00
5.396349087271818235e+01,9.975433365707496947e+00,3.487578197770466293e+00
5.401350337584396044e+01,1.026176173624847365e+01,3.493852965689705492e+00
5.406351587896974564e+01,1.055418068542520693e+01,3.501245430630928634e+00
5.411352838209552374e+01,1.085264521625865264e+01,3.509764334482047943e+00
5.416354088522130894e+01,1.115709753140728999e+01,3.519418616870059857e+00
5.421355338834708704e+01,1.146746623995993630e+01,3.530217430942938162e+00
5.426356589147287224e+01,1.178366616059878957e+01,3.542170145280022719e+00
5.431357839459865033e+01,1.210559822257967610e+01,3.555286342962734381e+00
5.436359089772443554e+01,1.243314876717512085e+01,3.569575800290922363e+00
5.441360340085021363e+01,1.276618940094699894e+01,3.585048484035573413e+00
5.446361590397599883e+01,1.310457661731254397e+01,3.601714570189606501e+00
5.451362840710177693e+01,1.344815175012807629e+01,3.619584444782816934e+00
5.456364091022756213e+01,1.379674097888853268e+01,3.638668703536528160e+00
5.461365341335334023e+01,1.415015516005373541e+01,3.658978133436635805e+00
5.466366591647912543e+01,1.450818959673043196e+01,3.680523702621472104e+00
5.471367841960490352e+01,1.487062461994035267e+01,3.703316585125174587e+00
5.476369092273068162e+01,1.523722567325952681e+01,3.727368163091532072e+00
5.481370342585646682e+01,1.560774331281814042e+01,3.752690026773974452e+00
5.486371592898224492e+01,1.598191365989833201e+01,3.779293966556712903e+00
5.491372843210803012e+01,1.635945860406759067e+01,3.807191953089610781e+00
5.496374093523380822e+01,1.674008664461689477e+01,3.836396160603177119e+00
5.501375343835959342e+01,1.712349380744018035e+01,3.866918972515464681e+00
5.506376594148537151e+01,1.750936364697262704e+01,3.898772981425017825e+00
5.511377844461115671e+01,1.789736783777085449e+01,3.931970985781544581e+00
5.516379094773693481e+01,1.828716732454484273e+01,3.966525975032732187e+00
5.521380345086272001e+01,1.867841311229129886e+01,4.002451144213289069e+00
5.526381595398849811e+01,1.907074796458886112e+01,4.039759900663327130e+00
5.531382845711428331e+01,1.946380644163005513e+01,4.078465864010588859e+00
5.536384096024006141e+01,1.985721571297362686e+01,4.118582863942924277e+00
5.541385346336584661e+01,2.025059717898783518e+01,4.160124931510141622e+00
5.546386596649162470e+01,2.064356750950678077e+01,4.203106308697065252e+00
5.551387846961740991e+01,2.103574063643648628e+01,4.247541452162757025e+00
5.556389097274318800e+01,2.142672779102324299e+01,4.293445033226487517e+00
5.561390347586897320e+01,2.181613850020535139e+01,4.340831935881841908e+00
5.566391597899475130e+01,2.220358240503941971e+01,4.389717252622853394e+00
5.571392848212052940e+01,2.258867035521704736e+01,4.440116289112444825e+00
5.576394098524631460e+01,2.297101640604027750e+01,4.492044563757265685e+00
5.581395348837209269e+01,2.335023784481527542e+01,4.545517807675867772e+00
5.586396599149787789e+01,2.372595604682771864e+01,4.600551962498156122e+00
5.591397849462365599e+01,2.409779841813069012e+01,4.657163178493468614e+00
5.596399099774944119e+01,2.446539907627225574e+01,4.715367814330806873e+00
5.601400350087521929e+01,2.482840071056104492e+01,4.775182430834664871e+00
5.606401600400100449e+01,2.518645462396363399e+01,4.836623790852396354e+00
5.611402850712678259e+01,2.553922115361955392e+01,4.899708856806204160e+00
5.616404101025256779e+01,2.588637147880518441e+01,4.964454786974436651e+00
5.621405351337834588e+01,2.622758778360433496e+01,5.030878934267258629e+00
5.626406601650413108e+01,2.656256465027060543e+01,5.098998829756544282e+00
5.631407851962990918e+01,2.689100915996582586e+01,5.168832181774732248e+00
5.636409102275569438e+01,2.721264096709267477e+01,5.240396874242499337e+00
5.641410352588147248e+01,2.752719332995066637e+01,5.313710955307985095e+00
5.646411602900725768e+01,2.783441327414171695e+01,5.388792641805292050e+00
5.651412853213303578e+01,2.813406199709774924e+01,5.465660287819935625e+00
5.656414103525881387e+01,2.842591499926362175e+01,5.544332379423580370e+00
5.661415353838459907e+01,2.870976208403516239e+01,5.624827534661799078e+00
5.666416604151037717e+01,2.898540737113607690e+01,5.707164485324653924e+00
5.671417854463616237e+01,2.925266962238617907e+01,5.791362080561553327e+00
5.676419104776194047e+01,2.951138178455484962e+01,5.877439253659549223e+00
5.681420355088772567e+01,2.976139076078657553e+01,5.965414995337360082e+00
5.686421605401350376e+01,3.000255741060068004e+01,6.055308353745269656e+00
5.691422855713928897e+01,3.023475643643820021e+01,6.147138428162110202e+00
5.696424106026506706e+01,3.045787565577830591e+01,6.240924331388204571e+00
5.701425356339085226e+01,3.067181629820145616e+01,6.336685209349022685e+00
5.706426606651663036e+01,3.087649160545910831e+01,6.434440159805026482e+00
5.711427856964241556e+01,3.107182660781390027e+01,6.534208219555211805e+00
5.716429107276819366e+01,3.125775812403941600e+01,6.636008364436992046e+00
5.721430357589397886e+01,3.143423451733272600e+01,6.739859495558621738e+00
5.726431607901975696e+01,3.160121414865668044e+01,6.845780368328274967e+00
5.731432858214554216e+01,3.175866634985705872e+01,6.953789660264796169e+00
5.736434108527132025e+01,3.190656915745097422e+01,7.063905819564602062e+00
5.741435358839709835e+01,3.204490892019180137e+01,7.176147040784535136e+00
5.746436609152288355e+01,3.217368029906909044e+01,7.290531264841821013e+00
5.751437859464866165e+01,3.229288626730853906e+01,7.407076179014020489e+00
5.756439109777444685e+01,3.240253752782741259e+01,7.525799175470526237e+00
5.761440360090022494e+01,3.250265042939796700e+01,7.646717237132263811e+00
5.766441610402601015e+01,3.259324815918140672e+01,7.769847014603267432e+00
5.771442860715178824e+01,3.267435870898908945e+01,7.895204630819429248e+00
5.776444111027757344e+01,3.274601468434781992e+01,8.022805665364106886e+00
5.781445361340335154e+01,3.280825330449975041e+01,8.152665154467978681e+00
5.786446611652913674e+01,3.286111640160515890e+01,8.284797590900128128e+00
5.791447861965491484e+01,3.290464909344596123e+01,8.419216768795577011e+00
5.796449112278070004e+01,3.293889941307359237e+01,8.555935806428735191e+00
5.801450362590647813e+01,3.296391812277396838e+01,8.694967044177937865e+00
5.806451612903226334e+01,3.297975767420506799e+01,8.836321878590263523e+00
5.811452863215804143e+01,3.298647220839692551e+01,8.980010762381368750e+00
5.816454113528382663e+01,3.298411755575162374e+01,9.126043204435655198e+00
5.821455363840960473e+01,3.297275110727522929e+01,9.274427737252366910e+00
5.826456614153538993e+01,3.295243052342338075e+01,9.425171651974903142e+00
5.831457864466116803e+01,3.292321417509745629e+01,9.578281128894207797e+00
5.836459114778694612e+01,3.288516046872638299e+01,9.733760938372483906e+00
5.841460365091273133e+01,3.283832764388040459e+01,9.891614378146172726e+00
5.846461615403850942e+01,3.278277377327113840e+01,1.005184327332588978e+01
5.851462865716429462e+01,3.271855675067752856e+01,1.021444796753363704e+01
5.856464116029007272e+01,3.264573377040311186e+01,1.037942702556131813e+01
5.861465366341585792e+01,3.256436127089564536e+01,1.054677731118304962e+01
5.866466616654163602e+01,3.247449484241961670e+01,1.071649369559725429e+01
5.871467866966742122e+01,3.237618907641646615e+01,1.088856890697146085e+01
5.876469117279319931e+01,3.226949756550470028e+01,1.106299353044211209e+01
5.881470367591898452e+01,3.215447290347317022e+01,1.123975600451275447e+01
5.886471617904476261e+01,3.203116662358757338e+01,1.141884228246572164e+01
5.891472868217054781e+01,3.189962907876512688e+01,1.160023586074110824e+01
5.896474118529632591e+01,3.175990961671023882e+01,1.178391747949959267e+01
5.901475368842211111e+01,3.161205661974046066e+01,1.196986488818160588e+01
5.906476619154788921e+01,3.145611750478666835e+01,1.215805284550713239e+01
5.911477869467367441e+01,3.129213872446585398e+01,1.234845311809165658e+01
5.916479119779945250e+01,3.112016603631771972e+01,1.254103408976602019e+01
5.921480370092523060e+01,3.094024444706560217e+01,1.273576073087024163e+01
5.926481620405101580e+01,3.075241854702801803e+01,1.293259429577767250e+01
5.931482870717679390e+01,3.055673278900756884e+01,1.313149199763087083e+01
5.936484121030257910e+01,3.035323148829073503e+01,1.333240700834179471e+01
5.941485371342835720e+01,3.014195882296579398e+01,1.353528845834705407e+01
5.946486621655414240e+01,2.992295937701965514e+01,1.374008099925527659e+01
5.951487871967992049e+01,2.969627821832777315e+01,1.394672468803506149e+01
5.956489122280570570e+01,2.946196133290216324e+01,1.415515470613130056e+01
5.961490372593148379e+01,2.922005618979068942e+01,1.436530094175757810e+01
5.966491622905726899e+01,2.897061174107683357e+01,1.457708798989641608e+01
5.971492873218304709e+01,2.871367842187994057e+01,1.479043515229902894e+01
5.976494123530883229e+01,2.844930894376512143e+01,1.500525597309999348e+01
5.981495373843461039e+01,2.817755856571442763e+01,1.522145801578456137e+01
5.986496624156039559e+01,2.789848559103359094e+01,1.543894263803897360e+01
5.991497874468617368e+01,2.761215226993240179e+01,1.565760450775330881e+01
5.996499124781195889e+01,2.731862479954872214e+01,1.587733160300816060e+01
6.001500375093773698e+01,2.701797332394882289e+01,1.609800521207437640e+01
6.006501625406351508e+01,2.671027295687611058e+01,1.631949949248642895e+01
6.011502875718930028e+01,2.639560432873308571e+01,1.654168112017103454e+01
6.016504126031507838e+01,2.607405407184633717e+01,1.676440918452886208e+01
6.021505376344086358e+01,2.574571612258762698e+01,1.698753471097883860e+01
6.026506626656664167e+01,2.541069172286543321e+01,1.721090066036762778e+01
6.031507876969242687e+01,2.506908942012455199e+01,1.743434192896988222e+01
6.036509127281820497e+01,2.472102616665085151e+01,1.765768505734139637e+01
6.041510377594399017e+01,2.436662842514183325e+01,1.788074771614266467e+01
6.046511627906976827e+01,2.400603231384119596e+01,1.810333882938477146e+01
6.051512878219555347e+01,2.363938539047707721e+01,1.832525829065195921e+01
6.056514128532133157e+01,2.326684666796063539e+01,1.854629695983940252e+01
6.061515378844711677e+01,2.288858661438563047e+01,1.876623666315344963e+01
6.066516629157289486e+01,2.250478791955535485e+01,1.898485018367269461e+01
6.071517879469868006e+01,2.211564757280312321e+01,1.920190082930280084e+01
6.076519129782445816e+01,2.172137630122884389e+01,1.941714260131346492e+01
6.081520380095024336e+01,2.132220043348345229e+01,1.963032065543389493e+01
6.086521630407602146e+01,2.091836199370387561e+01,1.984117131233315590e+01
6.091522880720180666e+01,2.051011870151256034e+01,2.004942205762041851e+01
6.096524131032758476e+01,2.009774436098854622e+01,2.025479171683550561e+01
6.101525381345336285e+01,1.968153095346947623e+01,2.045699094937480211e+01
6.106526631657914805e+01,1.926178809587884189e+01,2.065572248295723767e+01
6.111527881970492615e+01,1.883884354736484568e+01,2.085068224908822643e+01
6.116529132283071135e+01,1.841304329073386370e+01,2.104155945227686431e+01
6.121530382595648945e+01,1.798475155896886335e+01,2.122803703356314742e+01
6.126531632908227465e+01,1.755435155480562415e+01,2.140979262964706464e+01
6.131532883220805275e+01,1.712224492864140046e+01,2.158649951167816283e+01
6.136534133533383795e+01,1.668885097334936773e+01,2.175782847957205846e+01
6.141535383845961604e+01,1.625460660997773843e+01,2.192344791897008704e+01
6.146536634158540124e+01,1.581996582670545948e+01,2.208302480758167619e+01
6.151537884471117934e+01,1.538539903477513704e+01,2.223622668039729788e+01
6.156539134783696454e+01,1.495139121975329743e+01,2.238272334882340786e+01
6.161540385096274264e+01,1.451844014218921330e+01,2.252218893582558579e+01
6.166541635408852784e+01,1.408705611282070969e+01,2.265430209630011049e+01
6.171542885721430594e+01,1.365775951299018587e+01,2.277874870214500191e+01
6.176544136034009114e+01,1.323107890323799296e+01,2.289522366665271846e+01
6.181545386346586923e+01,1.280754695132531040e+01,2.300343399298095903e+01
6.186546636659164733e+01,1.238769971421609561e+01,2.310309935647507729e+01
6.191547886971743253e+01,1.197207358142791733e+01,2.319395446087605350e+01
6.196549137284321063e+01,1.156120197815152117e+01,2.327575154405122859e+01
6.201550387596899583e+01,1.115561053163453664e+01,2.334826316841194682e+01
6.206551637909477392e+01,1.075581570612899895e+01,2.341128306251801661e+01
6.211552888222055913e+01,1.036232110052317701e+01,2.346462837124085610e+01
6.216554138534633722e+01,9.975613312075900296e+00,2.350814198897639073e+01
6.221555388847212242e+01,9.596157447714373845e+00,2.354169448171284174e+01
6.226556639159790052e+01,9.224395750680992379e+00,2.356518470969582779e+01
6.231557889472368572e+01,8.860743303424392536e+00,2.357854181257904358e+01
6.236559139784946382e+01,8.505584439028845978e+00,2.358172633904628412e+01
6.241560390097524902e+01,8.159270045207181354e+00,2.357473083509643885e+01
6.246561640410102711e+01,7.822116013012631264e+00,2.355758017357285539e+01
6.251562890722681232e+01,7.494399939371907848e+00,2.353033227802293581e+01
6.256564141035259041e+01,7.176359544075194385e+00,2.349307739385040605e+01
6.261565391347837561e+01,6.868191957149395677e+00,2.344593777941921431e+01
6.266566641660415371e+01,6.570052426817826863e+00,2.338906714387459473e+01
6.271567891972993181e+01,6.282053951496405553e+00,2.332264921543793790e+01
6.276569142285571701e+01,6.004267962411338644e+00,2.324689589558831671e+01
6.281570392598149510e+01,5.736724739843111820e+00,2.316204623082661840e+01
6.286571642910728031e+01,5.479413862156218507e+00,2.306836447985556404e+01
6.291572893223305840e+01,5.232287184569828220e+00,2.296613670615279545e+01
6.296574143535884360e+01,4.995260201710955528e+00,2.285566923948227469e+01
6.301575393848462170e+01,4.768213854562027620e+00,2.273728653607293637e+01
6.306576644161040690e+01,4.550997042402262771e+00,2.261132823209889509e+01
6.311577894473618500e+01,4.343431191817517245e+00,2.247814537944491775e+01
6.316579144786197020e+01,4.145311490721459435e+00,2.233809936854265032e+01
6.321580395098774829e+01,3.956410032529247722e+00,2.219155895985086957e+01
6.326581645411353350e+01,3.776479685777283546e+00,2.203889715883994072e+01
6.331582895723931159e+01,3.605257297773418745e+00,2.188048898526266939e+01
6.336584146036509679e+01,3.442465770064557340e+00,2.171670979807254653e+01
6.341585396349087489e+01,3.287817497404140532e+00,2.154793262925116082e+01
6.346586646661666009e+01,3.141017747588944253e+00,2.137452609799518655e+01
6.351587896974243819e+01,3.001766174285852795e+00,2.119685336643306783e+01
6.356589147286822339e+01,2.869759709287964533e+00,2.101527006716903401e+01
6.361590397599400148e+01,2.744695104658149365e+00,2.083012295352018839e+01
6.366591647911977958e+01,2.626270283985065568e+00,2.064174911881564256e+01
6.371592898224556478e+01,2.514186308006667314e+00,2.045047474411580524e+01
6.376594148537134288e+01,2.408149144348942894e+00,2.025661435094082208e+01
6.381595398849712808e+01,2.307870597983271210e+00,2.006047038640313218e+01
6.386596649162290618e+01,2.213069542458710348e+00,1.986233258232195453e+01
6.391597899474869138e+01,2.123472964713444711e+00,1.966247774162500050e+01
6.396599149787446947e+01,2.038816473914450977e+00,1.946116963112046250e+01
6.401600400100025468e+01,1.958844942499361030e+00,1.925865879642047673e+01
6.406601650412603988e+01,1.883312972835255783e+00,1.905518274399121381e+01
6.411602900725181087e+01,1.811985082431739613e+00,1.885096605016678950e+01
6.416604151037759607e+01,1.744635899741952212e+00,1.864622048595688142e+01
6.421605401350338127e+01,1.681050211470402456e+00,1.844114545867284605e+01
6.426606651662916647e+01,1.621022940534745604e+00,1.823592825946281692e+01
6.431607901975493746e+01,1.564359043570086705e+00,1.803074436102979661e+01
6.436609152288072266e+01,1.510873287242903817e+00,1.782575798042068982e+01
6.441610402600650787e+01,1.460390070596637280e+00,1.762112247389219988e+01
6.446611652913227886e+01,1.412743188690988250e+00,1.741698067437515718e+01
6.451612903225806406e+01,1.367775519305293841e+00,1.721346536712388442e+01
6.456614153538384926e+01,1.325338573161936484e+00,1.701069999968084190e+01
6.461615403850963446e+01,1.285292366680095277e+00,1.680879885806975338e+01
6.466616654163540545e+01,1.247504998065033011e+00,1.660786756554945853e+01
6.471617904476119065e+01,1.211852270164397449e+00,1.640800357998531211e+01
6.476619154788697585e+01,1.178217197733542942e+00,1.620929684632754686e+01
6.481620405101276106e+01,1.146489928995196417e+00,1.601182989001218004e+01
6.486621655413853205e+01,1.116567267503033811e+00,1.581567833960017566e+01
6.491622905726431725e+01,1.088352303626729523e+00,1.562091137594294743e+01
6.496624156039010245e+01,1.061754000681894183e+00,1.542759223438964788e+01
6.501625406351588765e+01,1.036687075262223257e+00,1.523577833775156343e+01
6.506626656664165864e+01,1.013071582797554715e+00,1.504552174336289028e+01
6.511627906976744384e+01,9.908325831975947073e-01,1.485686953214882244e+01
6.516629157289322904e+01,9.698998419038249441e-01,1.466986415096199536e+01
6.521630407601901425e+01,9.502076825272920413e-01,1.448454357111855373e+01
6.526631657914478524e+01,9.316946386121961465e-01,1.430094166574278169e+01
6.531632908227057044e+01,9.143031623737615243e-01,1.411908854001245928e+01
6.536634158539635564e+01,8.979794641796957633e-01,1.393901070824917809e+01
6.541635408852212663e+01,8.826733049838012546e-01,1.376073131727098975e+01
6.546636659164791183e+01,8.683377463791558393e-01,1.358427042137638274e+01
6.551637909477369703e+01,8.549289161566964168e-01,1.340964524093196530e+01
6.556639159789948224e+01,8.424059228676866740e-01,1.323687025513089921e+01
6.561640410102525323e+01,8.307306354780158442e-01,1.306595744275374749e+01
6.566641660415103843e+01,8.198674924931875774e-01,1.289691649258413086e+01
6.571642910727682363e+01,8.097833699053157419e-01,1.272975494705339727e+01
6.576644161040260883e+01,8.004474763929813053e-01,1.256447831793501280e+01
6.581645411352837982e+01,7.918311920968141848e-01,1.240109026621709809e+01
6.586646661665416502e+01,7.839079066836285303e-01,1.223959277894815045e+01
6.591647911977995022e+01,7.766529623986142550e-01,1.207998623154315609e+01
6.596649162290573543e+01,7.700435358245126816e-01,1.192226952227575865e+01
6.601650412603150642e+01,7.640585220463438354e-01,1.176644020300726190e+01
6.606651662915729162e+01,7.586784203628554879e-01,1.161249460422178359e+01
6.611652913228307682e+01,7.538853005746106728e-01,1.146042787344020653e+01
6.616654163540886202e+01,7.496626979069690444e-01,1.131023409956421233e+01
6.621655413853463301e+01,7.459955279769219239e-01,1.116190640942406276e+01
6.626656664166041821e+01,7.428700121082536523e-01,1.101543705093190084e+01
6.631657914478620341e+01,7.402736501873957708e-01,1.087081742599178824e+01
6.636659164791197441e+01,7.381951398164973144e-01,1.072803819155670269e+01
6.641660415103775961e+01,7.366243134250991531e-01,1.058708933251740447e+01
6.646661665416354481e+01,7.355520870814049594e-01,1.044796022078629960e+01
6.651662915728933001e+01,7.349704418989829735e-01,1.031063963965896768e+01
6.656664166041510100e+01,7.348723640997262274e-01,1.017511586496042320e+01
6.661665416354088620e+01,7.352518023267707870e-01,1.004137671750204674e+01
6.666666666666667140e+01,7.361036267462968130e-01,9.909409613320942611e+00
6.671667916979245661e+01,7.374236210051221541e-01,9.779201575405492619e+00
6.676669167291822760e+01,7.392084395269874486e-01,9.650739298940294475e+00
6.681670417604401280e+01,7.414555830430993311e-01,9.524009186157783802e+00
6.686671667916979800e+01,7.441633627500873205e-01,9.398997395655525722e+00
6.691672918229558320e+01,7.473308971075673934e-01,9.275689847164382940e+00
6.696674168542135419e+01,7.509580900341300547e-01,9.154072262710641894e+00
6.701675418854713939e+01,7.550456145233203076e-01,9.034130197787719752e+00
6.706676669167292459e+01,7.595948900650357771e-01,8.915849081411733934e+00
6.711677919479869558e+01,7.646080743542520430e-01,8.799214231209193215e+00
6.716679169792448079e+01,7.700880616114748056e-01,8.684210859109926517e+00
6.721680420105026599e+01,7.760384680432080851e-01,8.570824115702766477e+00
6.726681670417605119e+01,7.824636278831841318e-01,8.459039101855024612e+00
6.731682920730182218e+01,7.893685856112325760e-01,8.348840902607651770e+00
6.736684171042760738e+01,7.967590947779557009e-01,8.240214591684726031e+00
6.741685421355339258e+01,8.046416185880179706e-01,8.133145235752147428e+00
6.746686671667917778e+01,8.130233298234212924e-01,8.027617932240236343e+00
6.751687921980494878e+01,8.219121085986432762e-01,7.923617812802083549e+00
6.756689172293073398e+01,8.313165545828511416e-01,7.821130070481238761e+00
6.761690422605651918e+01,8.412459883533762728e-01,7.720139964485821515e+00
6.766691672918230438e+01,8.517104513957245437e-01,7.620632820188403045e+00
6.771692923230807537e+01,8.627207207711711234e-01,7.522594047543916140e+00
6.776694173543386057e+01,8.742883076478202842e-01,7.426009162170366551e+00
6.781695423855964577e+01,8.864254744430759558e-01,7.330863787566261891e+00
6.786696674168543097e+01,8.991452620547871755e-01,7.237143672700285357e+00
6.791697924481120197e+01,9.124614898990844880e-01,7.144834692044126356e+00
6.796699174793698717e+01,9.263887559103953784e-01,7.053922845572382805e+00
6.801700425106277237e+01,9.409424627277911402e-01,6.964394271311932449e+00
6.806701675418854336e+01,9.561388323364145014e-01,6.876235269219611368e+00
6.811702925731432856e+01,9.719949078218431682e-01,6.789432292380053191e+00
6.816704176044011376e+01,9.885286193577096370e-01,6.703971963080469720e+00
6.821705426356589896e+01,1.005758785249784459e+00,6.619841073164025147e+00
6.826706676669166995e+01,1.023705111935966805e+00,6.537026584029873355e+00
6.831707926981745516e+01,1.042388197858735044e+00,6.455515627704336623e+00
6.836709177294324036e+01,1.061829604427596552e+00,6.375295531663968340e+00
6.841710427606902556e+01,1.082051839064134269e+00,6.296353816199870224e+00
6.846711677919479655e+01,1.103078419042752500e+00,6.218678196287006799e+00
6.851712928232058175e+01,1.124933895258743544e+00,6.142256586177724742e+00
6.856714178544636695e+01,1.147643852228251493e+00,6.067077099401894102e+00
6.861715428857215215e+01,1.171234931687943348e+00,5.993128052617458401e+00
6.866716679169792314e+01,1.195734882305567570e+00,5.920397979818754486e+00
6.871717929482370835e+01,1.221172565670096910e+00,5.848875628630732848e+00
6.876719179794949355e+01,1.247578039768267644e+00,5.778549965370292085e+00
6.881720430107527875e+01,1.274982562350953863e+00,5.709410175402998000e+00
6.886721680420104974e+01,1.303418592118799513e+00,5.641445663274043731e+00
6.891722930732683494e+01,1.332919851026692859e+00,5.574646062026315185e+00
6.896724181045262014e+01,1.363521336232196512e+00,5.509001237171204046e+00
6.901725431357839113e+01,1.395259391225192935e+00,5.444501285932912715e+00
6.906726681670417634e+01,1.428171740831454706e+00,5.381136539576147904e+00
6.911727931982996154e+01,1.462297491517860815e+00,5.318897563432176234e+00
6.916729182295574674e+01,1.497677178952859789e+00,5.257775162483958376e+00
6.921730432608151773e+01,1.534352796341788894e+00,5.197760385992280519e+00
6.926731682920730293e+01,1.572367860357894553e+00,5.138844526871523932e+00
6.931732933233308813e+01,1.611767447589057989e+00,5.081019123465122966e+00
6.936734183545887333e+01,1.652598199513131805e+00,5.024275959970133876e+00
6.941735433858464432e+01,1.694908373154730974e+00,4.968607072257093193e+00
6.946736684171042953e+01,1.738747867142467207e+00,4.914004748859958305e+00
6.951737934483621473e+01,1.784168294979141978e+00,4.860461532330383250e+00
6.956739184796199993e+01,1.831222996262187985e+00,4.807970219801751988e+00
6.961740435108777092e+01,1.879967062698481239e+00,4.756523865535258189e+00
6.966741685421355612e+01,1.930457368293541087e+00,4.706115784279009340e+00
6.971742935733934132e+01,1.982752626955127218e+00,4.656739551768152907e+00
6.976744186046511231e+01,2.036913422496284376e+00,4.608389005958526852e+00
6.981745436359089751e+01,2.093002219826900934e+00,4.561058248224521883e+00
6.986746686671668272e+01,2.151083389560343395e+00,4.514741646513393825e+00
6.991747936984246792e+01,2.211223247594462205e+00,4.469433835922257181e+00
6.996749187296823891e+01,2.273490088282739130e+00,4.425129720197126026e+00
7.001750437609402411e+01,2.337954189159804130e+00,4.381824472588256469e+00
7.006751687921980931e+01,2.404687817836809405e+00,4.339513537970652202e+00
7.011752938234559451e+01,2.473765257600852863e+00,4.298192633734424284e+00
7.016754188547136550e+01,2.545262828445888914e+00,4.257857751287694725e+00
7.021755438859715071e+01,2.619258882894341500e+00,4.218505156804366329e+00
7.026756689172293591e+01,2.695833788892782579e+00,4.180131392120389755e+00
7.031757939484872111e+01,2.775069936082754651e+00,4.142733276098515383e+00
7.036759189797449210e+01,2.857051738690637777e+00,4.106307905914015954e+00
7.041760440110027730e+01,2.941865609203242471e+00,4.070852657525367846e+00
7.046761690422606250e+01,3.029599915027845647e+00,4.036365185368311792e+00
7.051762940735184770e+01,3.120344951705078973e+00,4.002843424459500810e+00
7.056764191047761869e+01,3.214192929205228921e+00,3.970285591207302733e+00
7.061765441360340390e+01,3.311237901395282179e+00,3.938690182881738444e+00
7.066766691672918910e+01,3.411575691430037693e+00,3.908055977055159946e+00
7.071767941985496009e+01,3.515303823706895869e+00,3.878382034033867054e+00
7.076769192298074529e+01,3.622521488225761033e+00,3.849667697033114955e+00
7.081770442610653049e+01,3.733329404109288596e+00,3.821912589850764874e+00
7.086771692923231569e+01,3.847829698068662374e+00,3.795116617468156317e+00
7.091772943235808668e+01,3.966125810356877945e+00,3.769279968016579829e+00
7.096774193548387188e+01,4.088322394026588924e+00,3.744403111680800755e+00
7.101775443860965709e+01,4.214525122182278594e+00,3.720486796918434980e+00
7.106776694173544229e+01,4.344840484176460293e+00,3.697532052932959612e+00
7.111777944486121328e+01,4.479375693912067469e+00,3.675540190498038484e+00
7.116779194798699848e+01,4.618238469508411548e+00,3.654512798157655951e+00
7.121780445111278368e+01,4.761536777492620054e+00,3.634451739550296434e+00
7.126781695423856888e+01,4.909378563623256753e+00,3.615359156450542066e+00
7.131782945736433987e+01,5.061871635730902597e+00,3.597237468050637155e+00
7.136784196049012508e+01,5.219123307186769090e+00,3.580089363946348691e+00
7.141785446361591028e+01,5.381240041836660382e+00,3.563917804824362268e+00
7.146786696674169548e+01,5.548327194146295938e+00,3.548726024571879911e+00
7.151787946986746647e+01,5.720488752853646552e+00,3.534517526750816874e+00
7.156789197299325167e+01,5.897826917267596336e+00,3.521296076618842807e+00
7.161790447611903687e+01,6.080441585934409865e+00,3.509065704815071296e+00
7.166791697924480786e+01,6.268430158870006430e+00,3.497830708013496714e+00
7.171792948237059306e+01,6.461887086074993292e+00,3.487595641245337053e+00
7.176794198549637827e+01,6.660903364994936737e+00,3.478365312369095186e+00
7.181795448862216347e+01,6.865565942587440240e+00,3.470144786714625784e+00
7.186796699174793446e+01,7.075957531236940490e+00,3.462939386359718874e+00
7.191797949487371966e+01,7.292155981583695379e+00,3.456754678406612769e+00
7.196799199799950486e+01,7.514233686558544179e+00,3.451596473353472749e+00
7.201800450112529006e+01,7.742256966376381833e+00,3.447470829604899034e+00
7.206801700425106105e+01,7.976285850194705596e+00,3.444384051604704844e+00
7.211802950737684625e+01,8.216373333478038887e+00,3.442342675089592241e+00
7.216804201050263146e+01,8.462564713105724223e+00,3.441353468644222868e+00
7.221805451362841666e+01,8.714896954283997133e+00,3.441423438323497397e+00
7.226806701675418765e+01,8.973398475842955690e+00,3.442559825703561227e+00
7.231807951987997285e+01,9.238088340256222608e+00,3.444770090983690025e+00
7.236809202300575805e+01,9.508975616942803910e+00,3.448061914935164118e+00
7.241810452613152904e+01,9.786058658705291791e+00,3.452443205387681235e+00
7.246811702925731424e+01,1.006932498288453282e+01,3.457922096629837405e+00
7.251812953238309944e+01,1.035875046826822299e+01,3.464506933547512268e+00
7.256814203550888465e+01,1.065429888788955459e+01,3.472206265904175027e+00
7.261815453863465564e+01,1.095592106020943568e+01,3.481028860726094187e+00
7.266816704176044084e+01,1.126355474320745209e+01,3.490983702940253952e+00
7.271817954488622604e+01,1.157712426129648264e+01,3.502079990428283107e+00
7.276819204801201124e+01,1.189653986468833757e+01,3.514327110252509545e+00
7.281820455113778223e+01,1.222169735939387891e+01,3.527734652535261084e+00
7.286821705426356743e+01,1.255247768472040448e+01,3.542312418649858685e+00
7.291822955738935264e+01,1.288874691221102431e+01,3.558070421224398761e+00
7.296824206051513784e+01,1.323035605195479292e+01,3.575018878222230967e+00
7.301825456364090883e+01,1.357714054050397223e+01,3.593168186196587843e+00
7.306826706676669403e+01,1.392892040308698398e+01,3.612528939890127244e+00
7.311827956989247923e+01,1.428550025768906018e+01,3.633111942341869405e+00
7.316829207301826443e+01,1.464666931489037260e+01,3.654928204890224297e+00
7.321830457614403542e+01,1.501220147176669606e+01,3.677988945215635130e+00
7.326831707926982062e+01,1.538185550734214857e+01,3.702305563189357329e+00
7.331832958239560583e+01,1.575537514346038215e+01,3.727889649237116743e+00
7.336834208552137682e+01,1.613249011972508384e+01,3.754753002049560084e+00
7.341835458864716202e+01,1.651291628065629169e+01,3.782907628870993300e+00
7.346836709177294722e+01,1.689635564378814792e+01,3.812365745183410759e+00
7.351837959489873242e+01,1.728249752918350524e+01,3.843139760866487897e+00
7.356839209802450341e+01,1.767101864703924718e+01,3.875242277575869920e+00
7.361840460115028861e+01,1.806158493409281363e+01,3.908686107426987189e+00
7.366841710427607381e+01,1.845385202375405242e+01,3.943484274131266787e+00
7.371842960740185902e+01,1.884746532156158949e+01,3.979650012860233677e+00
7.376844211052763001e+01,1.924206167117421984e+01,4.017196762217531081e+00
7.381845461365341521e+01,1.963726975854969581e+01,4.056138162033362526e+00
7.386846711677920041e+01,2.003271242239291539e+01,4.096488066411664519e+00
7.391847961990498561e+01,2.042800732928400009e+01,4.138260544768828986e+00
7.396849212303075660e+01,2.082276709164619888e+01,4.181469881671838529e+00
7.401850462615654180e+01,2.121660133452754948e+01,4.226130571555671622e+00
7.406851712928232701e+01,2.160911721752072268e+01,4.272257319158935474e+00
7.411852963240811221e+01,2.199992200078300897e+01,4.319865045535040693e+00
7.416854213553388320e+01,2.238862370785022193e+01,4.368968888187754196e+00
7.421855463865966840e+01,2.277483124278244375e+01,4.419584200837407550e+00
7.426856714178545360e+01,2.315815655598508016e+01,4.471726549411886964e+00
7.431857964491122459e+01,2.353821516925743751e+01,4.525411714110606276e+00
7.436859214803700979e+01,2.391462852212470480e+01,4.580655687279747923e+00
7.441860465116279499e+01,2.428702462253223260e+01,4.637474672270580633e+00
7.446861715428858020e+01,2.465503808926519014e+01,4.695885083248668046e+00
7.451862965741435119e+01,2.501831190070115341e+01,4.755903540191716239e+00
7.456864216054013639e+01,2.537649804152892230e+01,4.817546872521093704e+00
7.461865466366592159e+01,2.572925902761838302e+01,4.880832107943950504e+00
7.466866716679170679e+01,2.607626860501990862e+01,4.945776468263860970e+00
7.471867966991747778e+01,2.641721174996416011e+01,5.012397369380796164e+00
7.476869217304326298e+01,2.675178548655939892e+01,5.080712414118023545e+00
7.481870467616904818e+01,2.707969985964607318e+01,5.150739394562934947e+00
7.486871717929483339e+01,2.740067825146108760e+01,5.222496276376952906e+00
7.491872968242060438e+01,2.771445801335627834e+01,5.296001185132002576e+00
7.496874218554638958e+01,2.802079046582660027e+01,5.371272406310191094e+00
7.501875468867217478e+01,2.831944099452285712e+01,5.448328379166984980e+00
7.506876719179794577e+01,2.861018966055191726e+01,5.527187686706694691e+00
7.511877969492373097e+01,2.889283108413314949e+01,5.607869050788131915e+00
7.516879219804951617e+01,2.916717437755556119e+01,5.690391296052649928e+00
7.521880470117530137e+01,2.943304315270209415e+01,5.774773348176348797e+00
7.526881720430107237e+01,2.969027550490282863e+01,5.861034232807107891e+00
7.531882970742685757e+01,2.993872359667159344e+01,5.949193045920444511e+00
7.536884221055264277e+01,3.017825391796782952e+01,6.039268968397887960e+00
7.541885471367842797e+01,3.040874631788971882e+01,6.131281209026909096e+00
7.546886721680419896e+01,3.063009365696638753e+01,6.225248982749824300e+00
7.551887971992998416e+01,3.084220180715814408e+01,6.321191510663900281e+00
7.556889222305576936e+01,3.104498948760130972e+01,6.419128011679019252e+00
7.561890472618155457e+01,3.123838702265169331e+01,6.519077648884191056e+00
7.566891722930732556e+01,3.142233696752356664e+01,6.621059569934012679e+00
7.571892973243311076e+01,3.159679220733200822e+01,6.725092796075949231e+00
7.576894223555889596e+01,3.176171559722452287e+01,6.831196202372639803e+00
7.581895473868468116e+01,3.191707996238123712e+01,6.939388517702013814e+00
7.586896724181045215e+01,3.206286809740724664e+01,7.049688324714147747e+00
7.591897974493623735e+01,3.219907102582332215e+01,7.162113951488468189e+00
7.596899224806202255e+01,3.232568845825426251e+01,7.276683555611409560e+00
7.601900475118779354e+01,3.244272797446864587e+01,7.393415036812591268e+00
7.606901725431357875e+01,3.255020310686933982e+01,7.512325889138352863e+00
7.611902975743936395e+01,3.264813334049330962e+01,7.633433200951550646e+00
7.616904226056514915e+01,3.273654411301177447e+01,7.756753654931692665e+00
7.621905476369092014e+01,3.281546681473013649e+01,7.882303528074869448e+00
7.626906726681670534e+01,3.288493856376853586e+01,8.010098669706032126e+00
7.631907976994249054e+01,3.294499937312372140e+01,8.140154268018743977e+00
7.636909227306827574e+01,3.299569370286698700e+01,8.272485027579733696e+00
7.641910477619404674e+01,3.303706901206066959e+01,8.407104930332906179e+00
7.646911727931983194e+01,3.306917513340760451e+01,8.544027163694225990e+00
7.651912978244561714e+01,3.309206427325106858e+01,8.683264120551477561e+00
7.656914228557140234e+01,3.310579101157482995e+01,8.824827399264426830e+00
7.661915478869717333e+01,3.311041211117692029e+01,8.968727766694877701e+00
7.666916729182295853e+01,3.310598488578178689e+01,9.114974898299427863e+00
7.671917979494874373e+01,3.309256788662353443e+01,9.263577517303993147e+00
7.676919229807452894e+01,3.307022005358441419e+01,9.414543113486928405e+00
7.681920480120029993e+01,3.303900048786566401e+01,9.567877889873075858e+00
7.686921730432608513e+01,3.299896845198744444e+01,9.723586762733926747e+00
7.691922980745187033e+01,3.295018335366923878e+01,9.881673353248110914e+00
7.696924231057764132e+01,3.289270408361672082e+01,1.004213971308774056e+01
7.701925481370342652e+01,3.282658897366723494e+01,1.020498639718993772e+01
7.706926731682921172e+01,3.275189562580539615e+01,1.037021219497974478e+01
7.711927981995499692e+01,3.266868070775701227e+01,1.053781399275687747e+01
7.716929232308076791e+01,3.257699995298912654e+01,1.070778677369562715e+01
7.721930482620655312e+01,3.247690815940656961e+01,1.088012361375673542e+01
7.726931732933233832e+01,3.236845901667406622e+01,1.105481536628074046e+01
7.731932983245812352e+01,3.225170498222455251e+01,1.123185069706014083e+01
7.736934233558389451e+01,3.212669739385940204e+01,1.141121579500132199e+01
7.741935483870967971e+01,3.199348644832400979e+01,1.159289416308083531e+01
7.746936734183546491e+01,3.185212120130798397e+01,1.177686661834510673e+01
7.751937984496125011e+01,3.170264956899226405e+01,1.196311128924176437e+01
7.756939234808702111e+01,3.154511850670522222e+01,1.215160323797594089e+01
7.761940485121280631e+01,3.137957392189830941e+01,1.234231446291956402e+01
7.766941735433859151e+01,3.120606097765916687e+01,1.253521357922912216e+01
7.771942985746436250e+01,3.102462428575915965e+01,1.273026553581326681e+01
7.776944236059014770e+01,3.083530790665317767e+01,1.292743161533298846e+01
7.781945486371593290e+01,3.063815535125215561e+01,1.312666943265609909e+01
7.786946736684171810e+01,3.043321006213730939e+01,1.332793249232978106e+01
7.791947986996748909e+01,3.022051540470256015e+01,1.353117013966687843e+01
7.796949237309327430e+01,3.000011512327219165e+01,1.373632722776794246e+01
7.801950487621905950e+01,2.977205377736233416e+01,1.394334375499086498e+01
7.806951737934484470e+01,2.953637674168072280e+01,1.415215486495110930e+01
7.811952988247061569e+01,2.929313020724418237e+01,1.436269084582995603e+01
7.816954238559640089e+01,2.904236194770764712e+01,1.457487663603957628e+01
7.821955488872218609e+01,2.878412142680403107e+01,1.478863169968534486e+01
7.826956739184797129e+01,2.851846038694911201e+01,1.500386971174454231e+01
7.831957989497374228e+01,2.824543356884721135e+01,1.522049812862494633e+01
7.836959239809952749e+01,2.796509871149088511e+01,1.543841818816506972e+01
7.841960490122531269e+01,2.767751655249520581e+01,1.565752490948247200e+01
7.846961740435109789e+01,2.738275187737084337e+01,1.587770658524304856e+01
7.851962990747686888e+01,2.708087379167650965e+01,1.609884455644906964e+01
7.856964241060265408e+01,2.677195641266267145e+01,1.632081297521158803e+01
7.861965491372843928e+01,2.645607992066703318e+01,1.654347835547914158e+01
7.866966741685421027e+01,2.613333055911426683e+01,1.676669957303795755e+01
7.871967991997999547e+01,2.580380063451574202e+01,1.699032786551212837e+01
7.876969242310578068e+01,2.546758976495530291e+01,1.721420641983163691e+01
7.881970492623156588e+01,2.512480551298380504e+01,1.743816998341566205e+01
7.886971742935733687e+01,2.477556395433623848e+01,1.766204484298252098e+01
7.891972993248312207e+01,2.441999115738641990e+01,1.788564846306833545e+01
7.896974243560890727e+01,2.405822318402545434e+01,1.810878948577733638e+01
7.901975493873469247e+01,2.369040608966134087e+01,1.833126773078213034e+01
7.906976744186046346e+01,2.331669701184776500e+01,1.855287406082197066e+01
7.911977994498624867e+01,2.293726570137239662e+01,1.877338984936191579e+01
7.916979244811203387e+01,2.255229437723856023e+01,1.899258722900268026e+01
7.921980495123781907e+01,2.216197960328928929e+01,1.921022918064817731e+01
7.926981745436359006e+01,2.176653231786901443e+01,1.942606953245479673e+01
7.931982995748937526e+01,2.136617783382314428e+01,1.963985295983166068e+01
7.936984246061516046e+01,2.096115640953293635e+01,1.985131509808128314e+01
7.941985496374094566e+01,2.055172553179307116e+01,2.006018262981525524e+01
7.946986746686671665e+01,2.013815932775059991e+01,2.026617355206201054e+01
7.951987996999250186e+01,1.972074952999151520e+01,2.046899799677837706e+01
7.956989247311828706e+01,1.929980555619414773e+01,2.066835826353734973e+01
7.961990497624405805e+01,1.887565461417574753e+01,2.086394907840173474e+01
7.966991747936984325e+01,1.844864277248502304e+01,2.105545840201866170e+01
7.971992998249562845e+01,1.801913490358885284e+01,2.124256779696285591e+01
7.976994248562141365e+01,1.758751428129925287e+01,2.142495434967870693e+01
7.981995498874718464e+01,1.715418258212896419e+01,2.160229080312292993e+01
7.986996749187296984e+01,1.671955975192575750e+01,2.177424588164465291e+01
7.991997999499875505e+01,1.628408366510574012e+01,2.194048630558638635e+01
7.996999249812454025e+01,1.584820962170841341e+01,2.210067755082129537e+01
8.002000500125031124e+01,1.541240823544950089e+01,2.225448650282273277e+01
8.007001750437609644e+01,1.497716525792413833e+01,2.240158173723995461e+01
8.012003000750188164e+01,1.454298052852879586e+01,2.254163475848096354e+01
8.017004251062766684e+01,1.411036621809872393e+01,2.267432249323927351e+01
8.022005501375343783e+01,1.367984406021955124e+01,2.279932947151965550e+01
8.027006751687922304e+01,1.325194310186564906e+01,2.291634981702860685e+01
8.032008002000500824e+01,1.282719897004315435e+01,2.302508784170471401e+01
8.037009252313077923e+01,1.240615024023266066e+01,2.312526125039849845e+01
8.042010502625656443e+01,1.198933525004663458e+01,2.321660331024518698e+01
8.047011752938234963e+01,1.157728821902919236e+01,2.329886537506978073e+01
8.052013003250813483e+01,1.117053821254386925e+01,2.337181755643420189e+01
8.057014253563390582e+01,1.076960451092351967e+01,2.343525184553041996e+01
8.062015503875969102e+01,1.037499262180805459e+01,2.348898423368301636e+01
8.067016754188547623e+01,9.987190488792588638e+00,2.353285660187957617e+01
8.072018004501126143e+01,9.606666804909535173e+00,2.356673756271633735e+01
8.077019254813703242e+01,9.233866098254971178e+00,2.359052499680585058e+01
8.082020505126281762e+01,8.869204949649191150e+00,2.360414726775440641e+01
8.087021755438860282e+01,8.513069690020129698e+00,2.360756398699167136e+01
8.092023005751438802e+01,8.165813829752295305e+00,2.360076684576078065e+01
8.097024256064015901e+01,7.827754618029102218e+00,2.358378053138582686e+01
8.102025506376594421e+01,7.499170850116601450e+00,2.355666248210431846e+01
8.107026756689172942e+01,7.180302031340517921e+00,2.351950281300219103e+01
8.112028007001751462e+01,6.871346158581686403e+00,2.347242418508096051e+01
8.117029257314328561e+01,6.572459155879156967e+00,2.341558046094348811e+01
8.122030507626907081e+01,6.283754825707578817e+00,2.334915560121050859e+01
8.127031757939485601e+01,6.005304842145970490e+00,2.327336257999105129e+01
8.132033008252062700e+01,5.737138935435687870e+00,2.318844164319375523e+01
8.137034258564641220e+01,5.479247252447374983e+00,2.309465720378820208e+01
8.142035508877219740e+01,5.231581158225032446e+00,2.299229681128900538e+01
8.147036759189798261e+01,4.994054772935905717e+00,2.288166871596338936e+01
8.152038009502375360e+01,4.766547652912536570e+00,2.276309891967520471e+01
8.157039259814953880e+01,4.548909082144954041e+00,2.263692736969021979e+01
8.162040510127532400e+01,4.340958556258276424e+00,2.250350749890039381e+01
8.167041760440110920e+01,4.142489303068838780e+00,2.236320269129376115e+01
8.172043010752688019e+01,3.953272099354854241e+00,2.221638307850049543e+01
8.177044261065266539e+01,3.773058629751970816e+00,2.206342314589941012e+01
8.182045511377845060e+01,3.601583474422076048e+00,2.190470008039203975e+01
8.187046761690423580e+01,3.438567626768849195e+00,2.174059087820368319e+01
8.192048012003000679e+01,3.283722286767086551e+00,2.157146990103588990e+01
8.197049262315579199e+01,3.136750457186941787e+00,2.139770777809175684e+01
8.202050512628157719e+01,2.997349931134039469e+00,2.121966915946790166e+01
8.207051762940736239e+01,2.865216186190941983e+00,2.103771103158706524e+01
8.212053013253313338e+01,2.740044056524646887e+00,2.085218176304505278e+01
8.217054263565891858e+01,2.621529715485531487e+00,2.066341976604538289e+01
8.222055513878470379e+01,2.509372810622607641e+00,2.047175242421527130e+01
8.227056764191047478e+01,2.403277665245211026e+00,2.027749555747144683e+01
8.232058014503625998e+01,2.302954581662270073e+00,2.008095267170302023e+01
8.237059264816204518e+01,2.208121175525236346e+00,1.988241450690073364e+01
8.242060515128783038e+01,2.118503075010583547e+00,1.968215886451349661e+01
8.247061765441360137e+01,2.033834663682855926e+00,1.948045030876913586e+01
8.252063015753938657e+01,1.953859748091067772e+00,1.927754019433943355e+01
8.257064266066517177e+01,1.878331864267838158e+00,1.907366675129415867e+01
8.262065516379095698e+01,1.807014566793574639e+00,1.886905511971764327e+01
8.267066766691672797e+01,1.739681607787055828e+00,1.866391769340391349e+01
8.272068017004251317e+01,1.676116977083920379e+00,1.845845437754104879e+01
8.277069267316829837e+01,1.616114869907848250e+00,1.825285282736315295e+01
8.282070517629408357e+01,1.559479544401419338e+00,1.804728895378904241e+01
8.287071767941985456e+01,1.506025170152376802e+00,1.784192733647962825e+01
8.292073018254563976e+01,1.455575630137030396e+00,1.763692153636498361e+01
8.297074268567142497e+01,1.407964231916873921e+00,1.743241457611330958e+01
8.302075518879719596e+01,1.363033308089012907e+00,1.722853961592662486e+01
8.307076769192298116e+01,1.320634069168066249e+00,1.702542016051410911e+01
8.312078019504876636e+01,1.280626205782828375e+00,1.682317054283917557e+01
8.317079269817455156e+01,1.242877469670701673e+00,1.662189650135780283e+01
8.322080520130032255e+01,1.207263249036951258e+00,1.642169576013019849e+01
8.327081770442610775e+01,1.173666469590828321e+00,1.622265814216016366e+01
8.332083020755189295e+01,1.141977062809599763e+00,1.602486615939152159e+01
8.337084271067767816e+01,1.112091607875619559e+00,1.582839547073769282e+01
8.342085521380344915e+01,1.083912920888420395e+00,1.563331538274545274e+01
8.347086771692923435e+01,1.057349939136335903e+00,1.543968897646337446e+01
8.352088022005501955e+01,1.032317250284961352e+00,1.524757361717456128e+01
8.357089272318080475e+01,1.008734755746071965e+00,1.505702135563447186e+01
8.362090522630657574e+01,9.865273730423623766e-01,1.486807927004239893e+01
8.367091772943236094e+01,9.656248660992465815e-01,1.468078964799105002e+01
8.372093023255814614e+01,9.459614790950333640e-01,1.449519038395573922e+01
8.377094273568393135e+01,9.274756238083063931e-01,1.431131533603496919e+01
8.382095523880970234e+01,9.101097212700494099e-01,1.412919450085974482e+01
8.387096774193548754e+01,8.938099700404760206e-01,1.394885426210257151e+01
8.392098024506127274e+01,8.785260808285160206e-01,1.377031768276657608e+01
8.397099274818704373e+01,8.642110317742540682e-01,1.359360477569419601e+01
8.402100525131282893e+01,8.508209752965522066e-01,1.341873260438871363e+01
8.407101775443861413e+01,8.383149994791943005e-01,1.324571554252033145e+01
8.412103025756439934e+01,8.266549233394119289e-01,1.307456549958065750e+01
8.417104276069017033e+01,8.158051628398199639e-01,1.290529206655391370e+01
8.422105526381595553e+01,8.057326104231621322e-01,1.273790264808817874e+01
8.427106776694174073e+01,7.964064630915989040e-01,1.257240265307238936e+01
8.432108027006752593e+01,7.877980502276621388e-01,1.240879568230127106e+01
8.437109277319329692e+01,7.798807759509015503e-01,1.224708359145905057e+01
8.442110527631908212e+01,7.726299849374643758e-01,1.208726664238530013e+01
8.447111777944486732e+01,7.660228371044729423e-01,1.192934364302922745e+01
8.452113028257065253e+01,7.600381924993689919e-01,1.177331207289787862e+01
8.457114278569642352e+01,7.546565704660064267e-01,1.161916812951331224e+01
8.462115528882220872e+01,7.498600343735283280e-01,1.146690686309559126e+01
8.467116779194799392e+01,7.456320968245937486e-01,1.131652228246659675e+01
8.472118029507377912e+01,7.419576502422765563e-01,1.116800743184991873e+01
8.477119279819955011e+01,7.388229271392421360e-01,1.102135443860306374e+01
8.482120530132533531e+01,7.362154167392319648e-01,1.087655461553806902e+01
8.487121780445112051e+01,7.341237897468829710e-01,1.073359854621504006e+01
8.492123030757689151e+01,7.325378563372121343e-01,1.059247613290462553e+01
8.497124281070267671e+01,7.314485338806600012e-01,1.045317663808568120e+01
8.502125531382846191e+01,7.308477875146696112e-01,1.031568876281119174e+01
8.507126781695424711e+01,7.307285747340326321e-01,1.018000071233681858e+01
8.512128032008001810e+01,7.310848141609840312e-01,1.004610023374118377e+01
8.517129282320580330e+01,7.319113683092772771e-01,9.913974640473679045e+00
8.522130532633158850e+01,7.332039974339027433e-01,9.783610880132981080e+00
8.527131782945737370e+01,7.349593270441445725e-01,9.654995576797935186e+00
8.532133033258314470e+01,7.371748172996729354e-01,9.528115071574136508e+00
8.537134283570892990e+01,7.398487585791567733e-01,9.402955430028955064e+00
8.542135533883471510e+01,7.429802397104847689e-01,9.279502497670819139e+00
8.547136784196050030e+01,7.465691324495429271e-01,9.157741925880504397e+00
8.552138034508627129e+01,7.506160638728739398e-01,9.037659216191196165e+00
8.557139284821205649e+01,7.551224132622974539e-01,8.919239725433216748e+00
8.562140535133784169e+01,7.600903034828125904e-01,8.802468687953078685e+00
8.567141785446361268e+01,7.655225848889600782e-01,8.687331254769160793e+00
8.572143035758939789e+01,7.714228281319636116e-01,8.573812513997005169e+00
8.577144286071518309e+01,7.777953148980627507e-01,8.461897516491934113e+00
8.582145536384096829e+01,7.846450378765368328e-01,8.351571275936803929e+00
8.587146786696673928e+01,7.919776992648850378e-01,8.242818792603115341e+00
8.592148037009252448e+01,7.997997043836120312e-01,8.135625078763155216e+00
8.597149287321830968e+01,8.081181664687103750e-01,8.029975174049722497e+00
8.602150537634409488e+01,8.169409088664209007e-01,7.925854164317146733e+00
8.607151787946986587e+01,8.262764650332280469e-01,7.823247181641349357e+00
8.612153038259565108e+01,8.361340832928870759e-01,7.722139412238324674e+00
8.617154288572143628e+01,8.465237352267614979e-01,7.622516130326440376e+00
8.622155538884722148e+01,8.574561144850884054e-01,7.524362694989443767e+00
8.627156789197299247e+01,8.689426660003405356e-01,7.427664573712489116e+00
8.632158039509877767e+01,8.809955877246145040e-01,7.332407344308670361e+00
8.637159289822456287e+01,8.936278306296105978e-01,7.238576694919190757e+00
8.642160540135034807e+01,9.068531144865774607e-01,7.146158433165300750e+00
8.647161790447611907e+01,9.206859492689321023e-01,7.055138514831281960e+00
8.652163040760190427e+01,9.351416260510068135e-01,6.965503034812474681e+00
8.657164291072768947e+01,9.502362797858128207e-01,6.877238245430580932e+00
8.662165541385346046e+01,9.659868919824450284e-01,6.790330557522001875e+00
8.667166791697924566e+01,9.824112907060968958e-01,6.704766540437764988e+00
8.672168042010503086e+01,9.995281535627407177e-01,6.620532922826678934e+00
8.677169292323081606e+01,1.017357075906432096e+00,6.537616617602484581e+00
8.682170542635658705e+01,1.035918532890366395e+00,6.456004721292839754e+00
8.687171792948237226e+01,1.055233955728699158e+00,6.375684517155733921e+00
8.692173043260815746e+01,1.075325765384125942e+00,6.296643481242222506e+00
8.697174293573394266e+01,1.096217372567904746e+00,6.218869282396333631e+00
8.702175543885971365e+01,1.117933177739843575e+00,6.142349782255108970e+00
8.707176794198549885e+01,1.140498607446151613e+00,6.067073043688467671e+00
8.712178044511128405e+01,1.163940173103863218e+00,5.993027348073144189e+00
8.717179294823706925e+01,1.188285473691633287e+00,5.920201184525480720e+00
8.722180545136284024e+01,1.213563260683889089e+00,5.848583257203443964e+00
8.727181795448862545e+01,1.239803439154793185e+00,5.778162485504967805e+00
8.732183045761441065e+01,1.267037086021365333e+00,5.708928006341493777e+00
8.737184296074019585e+01,1.295296503366794028e+00,5.640869184977534090e+00
8.742185546386596684e+01,1.324615233613082532e+00,5.573975613515942840e+00
8.747186796699175204e+01,1.355028140193773156e+00,5.508237114071855345e+00
8.752188047011753724e+01,1.386571411804962572e+00,5.443643739098313894e+00
8.757189297324330823e+01,1.419282572540263354e+00,5.380185772449636694e+00
8.762190547636909344e+01,1.453200546234906909e+00,5.317853738620823556e+00
8.767191797949487864e+01,1.488365671695840442e+00,5.256638401988615428e+00
8.772193048262066384e+01,1.524819783674440377e+00,5.196530768743424566e+00
8.777194298574643483e+01,1.562606222233683395e+00,5.137522087490991041e+00
8.782195548887222003e+01,1.601769850526494343e+00,5.079603850973749779e+00
8.787196799199800523e+01,1.642357107129136740e+00,5.022767802768997925e+00
8.792198049512379043e+01,1.684416042785343404e+00,4.967005936385090692e+00
8.797199299824956142e+01,1.727996382933690622e+00,4.912310497240093277e+00
8.802200550137534663e+01,1.773149531708344773e+00,4.858673982938100266e+00
8.807201800450113183e+01,1.819928611577403821e+00,4.806089147410125051e+00
8.812203050762691703e+01,1.868388490216005504e+00,4.754549002795521950e+00
8.817204301075268802e+01,1.918585849248852782e+00,4.704046820546708751e+00
8.822205551387847322e+01,1.970579199973822915e+00,4.654576132135173516e+00
8.827206801700425842e+01,2.024428904389325101e+00,4.606130731211488971e+00
8.832208052013002941e+01,2.080197199355585447e+00,4.558704676214959228e+00
8.837209302325581461e+01,2.137948250010822449e+00,4.512292291264068389e+00
8.842210552638159982e+01,2.197748173689618501e+00,4.466888167234370322e+00
8.847211802950738502e+01,2.259665049543605697e+00,4.422487163143089539e+00
8.852213053263315601e+01,2.323768930602493121e+00,4.379084408149823027e+00
8.857214303575894121e+01,2.390131880985900459e+00,4.336675302674079191e+00
8.862215553888472641e+01,2.458827994630002678e+00,4.295255519557131585e+00
8.867216804201051161e+01,2.529933393739316028e+00,4.254821005163496928e+00
8.872218054513628260e+01,2.603526221215826109e+00,4.215367980287244798e+00
8.877219304826206780e+01,2.679686658277654843e+00,4.176892941783640012e+00
8.882220555138785301e+01,2.758496929867178871e+00,4.139392663546808571e+00
8.887221805451363821e+01,2.840041281167019260e+00,4.102864197185966511e+00
8.892223055763940920e+01,2.924405947695569719e+00,4.067304872022847739e+00
8.897224306076519440e+01,3.011679142229580997e+00,4.032712297246576760e+00
8.902225556389097960e+01,3.101951045227707038e+00,3.999084362544987670e+00
8.907226806701676480e+01,3.195313740817414150e+00,3.966419237732892178e+00
8.912228057014253579e+01,3.291861158411188093e+00,3.934715372702465963e+00
8.917229307326832100e+01,3.391689023658911228e+00,3.903971499693277725e+00
8.922230557639410620e+01,3.494894824165374114e+00,3.874186633377115108e+00
8.927231807951987719e+01,3.601577688031411206e+00,3.845360068821818356e+00
8.932233058264566239e+01,3.711838281399729045e+00,3.817491382595739502e+00
8.937234308577144759e+01,3.825778736943920233e+00,3.790580434462467174e+00
8.942235558889723279e+01,3.943502551755448948e+00,3.764627366188230795e+00
8.947236809202300378e+01,4.065114419901677323e+00,3.739632598441292366e+00
8.952238059514878898e+01,4.190720053362486652e+00,3.715596833426046963e+00
8.957239309827457419e+01,4.320426108149542088e+00,3.692521055450545653e+00
8.962240560140035939e+01,4.454339970650018188e+00,3.670406527103444283e+00
8.967241810452613038e+01,4.592569525829349963e+00,3.649254787590131777e+00
8.972243060765191558e+01,4.735222931269838398e+00,3.629067655514538249e+00
8.977244311077770078e+01,4.882408497141494941e+00,3.609847227836641803e+00
8.982245561390348598e+01,5.034234355276143269e+00,3.591595873293924601e+00
8.987246811702925697e+01,5.190808127766255886e+00,3.574316233968852341e+00
8.992248062015504217e+01,5.352236718151005768e+00,3.558011226919421954e+00
8.997249312328082738e+01,5.518626037419682717e+00,3.542684040011661928e+00
9.002250562640661258e+01,5.690080614434977591e+00,3.528338125425384497e+00
9.007251812953238357e+01,5.866703125717486422e+00,3.514977203422380736e+00
9.012253063265816877e+01,6.048594231143626487e+00,3.502605262439834721e+00
9.017254313578395397e+01,6.235852109209027994e+00,3.491226550653900862e+00
9.022255563890972496e+01,6.428571970344426845e+00,3.480845572867717674e+00
9.027256814203551016e+01,6.626845547104481149e+00,3.471467094419491861e+00
9.032258064516129537e+01,6.830760890783586170e+00,3.463096139484257652e+00
9.037259314828708057e+01,7.040401751685499754e+00,3.455737979030470086e+00
9.042260565141285156e+01,7.255846973105597009e+00,3.449398132205372391e+00
9.047261815453863676e+01,7.477170012129494836e+00,3.444082369395189858e+00
9.052263065766442196e+01,7.704438626209966223e+00,3.439796708511714041e+00
9.057264316079020716e+01,7.937714184942591622e+00,3.436547400913109840e+00
9.062265566391597815e+01,8.177050932727089716e+00,3.434340936418422086e+00
9.067266816704176335e+01,8.422495555782873566e+00,3.433184045776057403e+00
9.072268067016754856e+01,8.674086792650415489e+00,3.433083695889358467e+00
9.077269317329333376e+01,8.931854716255216431e+00,3.434047073786369531e+00
9.082270567641910475e+01,9.195819934786634064e+00,3.436081593971189729e+00
9.087271817954488995e+01,9.465993134540072518e+00,3.439194901372280455e+00
9.092273068267067515e+01,9.742374782641746833e+00,3.443394868053618385e+00
9.097274318579644614e+01,1.002495432444554702e+01,3.448689574023303894e+00
9.102275568892223134e+01,1.031370954726724953e+01,3.455087313789190429e+00
9.107276819204801654e+01,1.060860594255149536e+01,3.462596602545463309e+00
9.112278069517380175e+01,1.090959662770499961e+01,3.471226175776485068e+00
9.117279319829957274e+01,1.121662157762628986e+01,3.480984973401632043e+00
9.122280570142535794e+01,1.152960726941224046e+01,3.491882131028841929e+00
9.127281820455114314e+01,1.184846594011813181e+01,3.503926996080561906e+00
9.132283070767692834e+01,1.217309546335774328e+01,3.517129129003856214e+00
9.137284321080269933e+01,1.250337924553589097e+01,3.531498302004998813e+00
9.142285571392848453e+01,1.283918557174959041e+01,3.547044476105997823e+00
9.147286821705426973e+01,1.318036751903492743e+01,3.563777801935031242e+00
9.152288072018005494e+01,1.352676273009516805e+01,3.581708638329888394e+00
9.157289322330582593e+01,1.387819338716285955e+01,3.600847552943779561e+00
9.162290572643161113e+01,1.423446622831072794e+01,3.621205321870029969e+00
9.167291822955739633e+01,1.459537254313897670e+01,3.642792911119408839e+00
9.172293073268318153e+01,1.496068794667487545e+01,3.665621468023792850e+00
9.177294323580895252e+01,1.533017318715831578e+01,3.689702345957665219e+00
9.182295573893473772e+01,1.570357428741459671e+01,3.715047106397880494e+00
9.187296824206052293e+01,1.608062254485379583e+01,3.741667518923620595e+00
9.192298074518629392e+01,1.646103514027865700e+01,3.769575553078523544e+00
9.197299324831207912e+01,1.684451542904298194e+01,3.798783361136308656e+00
9.202300575143786432e+01,1.723075397796141317e+01,3.829303300926167442e+00
9.207301825456364952e+01,1.761942953983284710e+01,3.861147940704773518e+00
9.212303075768942051e+01,1.801020905377697190e+01,3.894330059155238111e+00
9.217304326081520571e+01,1.840274844524616782e+01,3.928862641607267392e+00
9.222305576394099091e+01,1.879669376650363688e+01,3.964758867535108422e+00
9.227306826706677612e+01,1.919168228411793464e+01,4.002032125612711155e+00
9.232308077019254711e+01,1.958734411366422989e+01,4.040696018917500965e+00
9.237309327331833231e+01,1.998330223420106933e+01,4.080764364922489840e+00
9.242310577644411751e+01,2.037917357491470938e+01,4.122251192898926497e+00
9.247311827956990271e+01,2.077457050397030969e+01,4.165170737187717798e+00
9.252313078269567370e+01,2.116910220262934317e+01,4.209537446688675466e+00
9.257314328582145890e+01,2.156237647358552323e+01,4.255365987354381652e+00
9.262315578894724410e+01,2.195399974999014958e+01,4.302671242185415856e+00
9.267316829207302931e+01,2.234357834505102502e+01,4.351468308951707442e+00
9.272318079519880030e+01,2.273072007101584191e+01,4.401772497709209198e+00
9.277319329832458550e+01,2.311503558871618580e+01,4.453599334284467304e+00
9.282320580145037070e+01,2.349614017086460294e+01,4.506964559181853680e+00
9.287321830457614169e+01,2.387365370724714708e+01,4.561884127576570691e+00
9.292323080770192689e+01,2.424720169032772077e+01,4.618374206740742949e+00
9.297324331082771209e+01,2.461641699934926564e+01,4.676451175457846610e+00
9.302325581395349730e+01,2.498094065133960484e+01,4.736131621977092365e+00
9.307326831707926829e+01,2.534042345002242058e+01,4.797432337326759999e+00
9.312328082020505349e+01,2.569452600473318782e+01,4.860370315247397599e+00
9.317329332333083869e+01,2.604291917068231754e+01,4.924962749272826734e+00
9.322330582645662389e+01,2.638528571492247110e+01,4.991227029576682739e+00
9.327331832958239488e+01,2.672132044116039395e+01,5.059180740204853421e+00
9.332333083270818008e+01,2.705073137533189609e+01,5.128841641678302921e+00
9.337334333583396528e+01,2.737323983523665305e+01,5.200227670250518131e+00
9.342335583895975049e+01,2.768858049448878589e+01,5.273356935888890540e+00
9.347336834208552148e+01,2.799650223605351584e+01,5.348247710244390163e+00
9.352338084521130668e+01,2.829676827810975226e+01,5.424918430933963087e+00
9.357339334833709188e+01,2.858915636075967726e+01,5.503387667799052529e+00
9.362340585146286287e+01,2.887345882583537104e+01,5.583674117749531263e+00
9.367341835458864807e+01,2.914948261681505670e+01,5.665796604755709787e+00
9.372343085771443327e+01,2.941704914478067678e+01,5.749774060121810138e+00
9.377344336084021847e+01,2.967599453500362827e+01,5.835625526406388985e+00
9.382345586396598947e+01,2.992616906032418811e+01,5.923370122748491617e+00
9.387346836709177467e+01,3.016743676979667654e+01,6.013027015526379415e+00
9.392348087021755987e+01,3.039967548868902369e+01,6.104615418357385082e+00
9.397349337334334507e+01,3.062277671968799098e+01,6.198154587096995627e+00
9.402350587646911606e+01,3.083664467871678383e+01,6.293663776115189457e+00
9.407351837959490126e+01,3.104119672781198247e+01,6.391162266289176053e+00
9.412353088272068646e+01,3.123636178994214418e+01,6.490669276874855065e+00
9.417354338584647166e+01,3.142207999826500853e+01,6.592203946750879950e+00
9.422355588897224266e+01,3.159830269612734455e+01,6.695785334418602908e+00
9.427356839209802786e+01,3.176499235897854234e+01,6.801432413358495133e+00
9.432358089522381306e+01,3.192212075618108003e+01,6.909163978097535797e+00
9.437359339834959826e+01,3.206967008540480180e+01,7.018998740286143345e+00
9.442360590147536925e+01,3.220763092282352602e+01,7.130955179978274217e+00
9.447361840460115445e+01,3.233600128092983539e+01,7.245051484345714776e+00
9.452363090772693965e+01,3.245478660853482467e+01,7.361305547677893024e+00
9.457364341085271064e+01,3.256399979076825701e+01,7.479734971381969189e+00
9.462365591397849585e+01,3.266366114117091968e+01,7.600357063351467879e+00
9.467366841710428105e+01,3.275379642258008772e+01,7.723188699274337488e+00
9.472368092023006625e+01,3.283443664267277740e+01,7.848246347426869995e+00
9.477369342335583724e+01,3.290561779196649894e+01,7.975545985072834299e+00
9.482370592648162244e+01,3.296737963348933675e+01,8.105102986176103030e+00
9.487371842960740764e+01,3.301976570277983569e+01,8.236932121400439399e+00
9.492373093273319284e+01,3.306282330788707924e+01,8.371047558109635744e+00
9.497374343585896384e+01,3.309660306108115435e+01,8.507462795981513892e+00
9.502375593898474904e+01,3.312115743224642017e+01,8.646190523755896251e+00
9.507376844211053424e+01,3.313654137939337119e+01,8.787242683149871780e+00
9.512378094523631944e+01,3.314281107441004082e+01,8.930630217804452542e+00
9.517379344836209043e+01,3.314002381488406002e+01,9.076363058830571262e+00
9.522380595148787563e+01,3.312823802410264307e+01,9.224450124809242979e+00
9.527381845461366083e+01,3.310751320161306666e+01,9.374899306814892697e+00
9.532383095773944603e+01,3.307790888807712548e+01,9.527717211507269468e+00
9.537384346086521703e+01,3.303948481685053906e+01,9.682909258890413540e+00
9.542385596399100223e+01,3.299230047958923961e+01,9.840479413333993008e+00
9.547386846711678743e+01,3.293641487167834470e+01,1.000043008763391228e+01
9.552388097024255842e+01,3.287188649223208614e+01,1.016276214301244529e+01
9.557389347336834362e+01,3.279877333793531591e+01,1.032747488326585916e+01
9.562390597649412882e+01,3.271713250004778928e+01,1.049456576584830714e+01
9.567391847961991402e+01,3.262702005826117357e+01,1.066403045564121044e+01
9.572393098274568501e+01,3.252849105974485155e+01,1.083586254729028830e+01
9.577394348587147022e+01,3.242159939593394569e+01,1.101005339671693051e+01
9.582395598899725542e+01,3.230639780252943893e+01,1.118659212111790957e+01
9.587396849212304062e+01,3.218293786014451285e+01,1.136546559492250452e+01
9.592398099524881161e+01,3.205126999388277653e+01,1.154665810342634380e+01
9.597399349837459681e+01,3.191144336180228080e+01,1.173015137195088364e+01
9.602400600150038201e+01,3.176350606514705532e+01,1.191592425192853177e+01
9.607401850462616721e+01,3.160750522185005806e+01,1.210395248624630504e+01
9.612403100775193820e+01,3.144348696653322150e+01,1.229420870924572462e+01
9.617404351087772341e+01,3.127149645316904980e+01,1.248666244365560551e+01
9.622405601400350861e+01,3.109157818457546085e+01,1.268127968365971547e+01
9.627406851712927960e+01,3.090377594471371836e+01,1.287802289339540351e+01
9.632408102025506480e+01,3.070813319400859243e+01,1.307685065891317677e+01
9.637409352338085000e+01,3.050469335825075490e+01,1.327771738157577985e+01
9.642410602650663520e+01,3.029349982859658752e+01,1.348057327805839911e+01
9.647411852963240619e+01,3.007459596433955085e+01,1.368536437831416386e+01
9.652413103275819140e+01,2.984802572473528670e+01,1.389203204199055186e+01
9.657414353588397660e+01,2.961383367588160809e+01,1.410051290347145958e+01
9.662415603900976180e+01,2.937206554886135379e+01,1.431073851392915763e+01
9.667416854213553279e+01,2.912276877545079046e+01,1.452263496256168374e+01
9.672418104526131799e+01,2.886599248811932128e+01,1.473612287659308073e+01
9.677419354838710319e+01,2.860178752219806597e+01,1.495111742010113431e+01
9.682420605151288839e+01,2.833020734779991656e+01,1.516752776555722448e+01
9.687421855463865938e+01,2.805130818305308082e+01,1.538525696182488467e+01
9.692423105776444459e+01,2.776514970621670386e+01,1.560420160799292333e+01
9.697424356089022979e+01,2.747179587756760810e+01,1.582425142780899741e+01
9.702425606401601499e+01,2.717131493939999487e+01,1.604528926967985569e+01
9.707426856714178598e+01,2.686377941677506342e+01,1.626719110638535426e+01
9.712428107026757118e+01,2.654926733720206400e+01,1.648982552591358441e+01
9.717429357339335638e+01,2.622786252591535217e+01,1.671305348232230514e+01
9.722430607651912737e+01,2.589965539989376353e+01,1.693672809693930859e+01
9.727431857964491257e+01,2.556474413553387137e+01,1.716069424933700560e+01
9.732433108277069778e+01,2.522323466865053376e+01,1.738478857733203853e+01
9.737434358589648298e+01,2.487524069447654185e+01,1.760883947698555119e+01
9.742435608902225397e+01,2.452088498262395433e+01,1.783266677472441231e+01
9.747436859214803917e+01,2.416030021979337405e+01,1.805608127169918831e+01
9.752438109527382437e+01,2.379362945421829423e+01,1.827888485096287141e+01
9.757439359839960957e+01,2.342102772936334887e+01,1.850087025213212755e+01
9.762440610152538056e+01,2.304266208662497561e+01,1.872182107087428449e+01
9.767441860465116577e+01,2.265871156533097164e+01,1.894151175890759831e+01
9.772443110777695097e+01,2.226936812811969801e+01,1.915970763557751511e+01
9.777444361090273617e+01,2.187483859604231995e+01,1.937616446262828518e+01
9.782445611402850716e+01,2.147534420945051181e+01,1.959062871224067948e+01
9.787446861715429236e+01,2.107112235316121840e+01,1.980283807331175794e+01
9.792448112028007756e+01,2.066242660850810964e+01,2.001252145906042301e+01
9.797449362340586276e+01,2.024952675334112939e+01,2.021939900702766124e+01
9.802450612653163375e+01,1.983270929813328110e+01,2.042318235760136602e+01
9.807451862965741896e+01,1.941227940784031247e+01,2.062357517425936138e+01
9.812453113278320416e+01,1.898856023877656440e+01,2.082027356885978620e+01
9.817454363590897515e+01,1.856189339685147743e+01,2.101296719778137501e+01
9.822455613903476035e+01,1.813263897259988511e+01,2.120133929537402651e+01
9.827456864216054555e+01,1.770117555102900297e+01,2.138506742948478134e+01
9.832458114528633075e+01,1.726790088331389228e+01,2.156382426264455532e+01
9.837459364841210174e+01,1.683323089825570662e+01,2.173727910242404704e+01
9.842460615153788694e+01,1.639759901887726201e+01,2.190509940563384461e+01
9.847461865466367215e+01,1.596145615116523686e+01,2.206695079642277335e+01
9.852463115778945735e+01,1.552526968148418796e+01,2.222249879916262216e+01
9.857464366091522834e+01,1.508952300201878316e+01,2.237141023472265644e+01
9.862465616404101354e+01,1.465471273520803130e+01,2.251335583807275142e+01
9.867466866716679874e+01,1.422134762680362208e+01,2.264801148864661684e+01
9.872468117029258394e+01,1.378994788205726607e+01,2.277505884353250565e+01
9.877469367341835493e+01,1.336104234066757535e+01,2.289418837506013560e+01
9.882470617654414013e+01,1.293516589907190273e+01,2.300510134560672526e+01
9.887471867966992534e+01,1.251285599013334249e+01,2.310751244771508794e+01
9.892473118279569633e+01,1.209465188407846981e+01,2.320115032135895561e+01
9.897474368592148153e+01,1.168109066578723088e+01,2.328576065018218344e+01
9.902475618904726673e+01,1.127270370478162320e+01,2.336110842955687872e+01
9.907476869217305193e+01,1.087001232179830801e+01,2.342698045153668929e+01
9.912478119529882292e+01,1.047352661003624164e+01,2.348318599309284238e+01
9.917479369842460812e+01,1.008374064441367324e+01,2.352955969802599157e+01
9.922480620155039333e+01,9.701128419102275302e+00,2.356596346593457980e+01
9.927481870467617853e+01,9.326140323117641628e+00,2.359228794829901332e+01
9.932483120780194952e+01,8.959201286691637733e+00,2.360845333599595719e+01
9.937484371092773472e+01,8.600706210420288045e+00,2.361441135487571330e+01
9.942485621405351992e+01,8.251016712212523530e+00,2.361014587647681040e+01
9.947486871717930512e+01,7.910459432320775086e+00,2.359567327404840498e+01
9.952488122030507611e+01,7.579323577384471378e+00,2.357104291326810497e+01
9.957489372343086131e+01,7.257858457459896329e+00,2.353633720412662456e+01
9.962490622655664652e+01,6.946272350255721761e+00,2.349167073962064478e+01
9.967491872968243172e+01,6.644732018470497437e+00,2.343718990340089903e+01
9.972493123280820271e+01,6.353361379812635157e+00,2.337307202598146816e+01
9.977494373593398791e+01,6.072242281561491595e+00,2.329952317975688914e+01
9.982495623905977311e+01,5.801415022532069976e+00,2.321677693992496216e+01
9.987496874218554410e+01,5.540879007649815335e+00,2.312509273717241598e+01
9.992498124531132930e+01,5.290593998916570229e+00,2.302475354574992750e+01
9.997499374843711450e+01,5.050483509768606716e+00,2.291606231407982008e+01
1.000250062515628997e+02,4.820435598763015861e+00,2.279934109899042127e+01
1.000750187546886707e+02,4.600305467518325031e+00,2.267492797286908157e+01
1.001250312578144559e+02,4.389918818784399157e+00,2.254317387557211205e+01
1.001750437609402411e+02,4.189075547552884693e+00,2.240443962654703824e+01
1.002250562640660263e+02,3.997551091394147882e+00,2.225909470042736160e+01
1.002750687671917973e+02,3.815100462790733005e+00,2.210751356889382180e+01
1.003250812703175825e+02,3.641461986804429340e+00,2.195007308541160285e+01
1.003750937734433677e+02,3.476359521108409734e+00,2.178715085787346695e+01
1.004251062765691529e+02,3.319505404833518636e+00,2.161912285464999428e+01
1.004751187796949239e+02,3.170604016030467154e+00,2.144636102478706619e+01
1.005251312828207091e+02,3.029354006936954224e+00,2.126923192375066662e+01
1.005751437859464943e+02,2.895450455216041608e+00,2.108809513576283834e+01
1.006251562890722795e+02,2.768587695288165840e+00,2.090330153319081674e+01
1.006751687921980505e+02,2.648461177450139203e+00,2.071519233242252511e+01
1.007251812953238357e+02,2.534768962249787538e+00,2.052409812599488959e+01
1.007751937984496209e+02,2.427213698509787410e+00,2.033033785432254703e+01
1.008252063015753919e+02,2.325503865722439389e+00,2.013421834541419386e+01
1.008752188047011771e+02,2.229354746183415781e+00,1.993603379421756117e+01
1.009252313078269623e+02,2.138489613548058887e+00,1.973606535786596794e+01
1.009752438109527475e+02,2.052640410121417958e+00,1.953458108264186777e+01
1.010252563140785185e+02,1.971548264519762839e+00,1.933183573992475246e+01
1.010752688172043037e+02,1.894964045548573228e+00,1.912807088118832510e+01
1.011252813203300889e+02,1.822648625422061963e+00,1.892351502935698448e+01
1.011752938234558741e+02,1.754373032242435126e+00,1.871838377546739096e+01
1.012253063265816451e+02,1.689918550435882239e+00,1.851288011685558388e+01
1.012753188297074303e+02,1.629076700407351863e+00,1.830719483762404565e+01
1.013253313328332155e+02,1.571649149750341312e+00,1.810150675381561669e+01
1.013753438359590007e+02,1.517447540366710257e+00,1.789598315678806273e+01
1.014253563390847717e+02,1.466293227560106160e+00,1.769078039587310514e+01
1.014753688422105569e+02,1.418017116091230045e+00,1.748604413425626092e+01
1.015253813453363421e+02,1.372459350725423466e+00,1.728190978620174789e+01
1.015753938484621131e+02,1.329468865530933241e+00,1.707850322327578851e+01
1.016254063515878983e+02,1.288903162578495909e+00,1.687594111019990351e+01
1.016754188547136835e+02,1.250627996524930730e+00,1.667433127682839000e+01
1.017254313578394687e+02,1.214517007688509898e+00,1.647377316362525690e+01
1.017754438609652397e+02,1.180451162232955209e+00,1.627435856865650621e+01
1.018254563640910249e+02,1.148318587501524934e+00,1.607617185862875075e+01
1.018754688672168101e+02,1.118014278158474539e+00,1.587929028818814636e+01
1.019254813703425953e+02,1.089439618764701079e+00,1.568378454056430549e+01
1.019754938734683662e+02,1.062501981925887851e+00,1.548971923047056265e+01
1.020255063765941514e+02,1.037114525655892683e+00,1.529715313780076613e+01
1.020755188797199366e+02,1.013195899277503420e+00,1.510613952266725768e+01
1.021255313828457219e+02,9.906698680527548095e-01,1.491672654454973745e+01
1.021755438859714928e+02,9.694649519410011296e-01,1.472895768142859474e+01
1.022255563890972780e+02,9.495142968636227643e-01,1.454287187162370110e+01
1.022755688922230632e+02,9.307553566140889245e-01,1.435850385458679668e+01
1.023255813953488484e+02,9.131295999012529752e-01,1.417588449908694237e+01
1.023755938984746194e+02,8.965822639258681503e-01,1.399504107764176553e+01
1.024256064016004046e+02,8.810622254257196584e-01,1.381599740517951425e+01
1.024756189047261898e+02,8.665217256044753791e-01,1.363877413737948352e+01
1.025256314078519608e+02,8.529161267244460554e-01,1.346338904029751582e+01
1.025756439109777460e+02,8.402037913957841608e-01,1.328985712176775280e+01
1.026256564141035312e+02,8.283459090729717866e-01,1.311819081998696568e+01
1.026756689172293164e+02,8.173062989584694016e-01,1.294840022051460871e+01
1.027256814203550874e+02,8.070512257713138293e-01,1.278049325703794281e+01
1.027756939234808726e+02,7.975493336758565643e-01,1.261447578360808919e+01
1.028257064266066578e+02,7.887714719874237002e-01,1.245035176827375878e+01
1.028757189297324430e+02,7.806905458571072876e-01,1.228812345731304667e+01
1.029257314328582140e+02,7.732814125371547664e-01,1.212779148787864614e+01
1.029757439359839992e+02,7.665208038626122322e-01,1.196935497548175675e+01
1.030257564391097844e+02,7.603872014591306350e-01,1.181281165647762066e+01
1.030757689422355696e+02,7.548607099806819987e-01,1.165815802695425418e+01
1.031257814453613406e+02,7.499230102864866687e-01,1.150538939430801655e+01
1.031757939484871258e+02,7.455572768187913590e-01,1.135449997435313030e+01
1.032258064516129110e+02,7.417480908727099864e-01,1.120548299282265425e+01
1.032758189547386962e+02,7.384813443459815607e-01,1.105833079206687408e+01
1.033258314578644672e+02,7.357442161880254350e-01,1.091303485804864870e+01
1.033758439609902524e+02,7.335251007815045687e-01,1.076958590924251880e+01
1.034258564641160376e+02,7.318135476477981571e-01,1.062797396970067432e+01
1.034758689672418086e+02,7.306001904297202421e-01,1.048818845026419666e+01
1.035258814703675938e+02,7.298767333818273473e-01,1.035021816495643421e+01
1.035758939734933790e+02,7.296358975652278422e-01,1.021405140316051607e+01
1.036259064766191642e+02,7.298713803219609719e-01,1.007967598263230080e+01
1.036759189797449352e+02,7.305778010785224375e-01,9.947079315262309152e+00
1.037259314828707204e+02,7.317506926019745617e-01,9.816248418210879123e+00
1.037759439859965056e+02,7.333864676693881979e-01,9.687169964228568020e+00
1.038259564891222908e+02,7.354823913857819750e-01,9.559830324067036145e+00
1.038759689922480618e+02,7.380365425713303340e-01,9.434215618995770214e+00
1.039259814953738470e+02,7.410478025885807174e-01,9.310311736503276592e+00
1.039759939984996322e+02,7.445158455868758907e-01,9.188104348690329104e+00
1.040260065016254174e+02,7.484411119155447434e-01,9.067578963119640179e+00
1.040760190047511884e+02,7.528247945543350417e-01,8.948720946741905991e+00
1.041260315078769736e+02,7.576688207205083403e-01,8.831515559269600857e+00
1.041760440110027588e+02,7.629758514267730440e-01,8.715947954182823310e+00
1.042260565141285298e+02,7.687492714418333595e-01,8.602003211393313364e+00
1.042760690172543150e+02,7.749931804842266070e-01,8.489666360563454361e+00
1.043260815203801002e+02,7.817123875210727491e-01,8.378922408642468511e+00
1.043760940235058854e+02,7.889124070673992906e-01,8.269756355017856109e+00
1.044261065266316564e+02,7.965994592154596043e-01,8.162153191659387019e+00
1.044761190297574416e+02,8.047804717346135339e-01,8.056097929933434543e+00
1.045261315328832268e+02,8.134630747127185035e-01,7.951575618481589558e+00
1.045761440360090120e+02,8.226556111884257838e-01,7.848571360086650905e+00
1.046261565391347830e+02,8.323671423181843165e-01,7.747070326602325530e+00
1.046761690422605682e+02,8.426074473762523720e-01,7.647057758953112128e+00
1.047261815453863534e+02,8.533870290099012657e-01,7.548518972731545595e+00
1.047761940485121386e+02,8.647171296520820283e-01,7.451439391562702852e+00
1.048262065516379096e+02,8.766097230066437485e-01,7.355804542130457868e+00
1.048762190547636948e+02,8.890775553319543167e-01,7.261600075893217543e+00
1.049262315578894800e+02,9.021341494098474856e-01,7.168811772003374827e+00
1.049762440610152652e+02,9.157938045456367471e-01,7.077425537307206582e+00
1.050262565641410362e+02,9.300716036660975350e-01,6.987427409265468015e+00
1.050762690672668214e+02,9.449834599960587056e-01,6.898803586196679660e+00
1.051262815703926066e+02,9.605460815045245848e-01,6.811540420086299896e+00
1.051762940735183776e+02,9.767770487685534242e-01,6.725624429905453283e+00
1.052263065766441628e+02,9.936948293677043687e-01,6.641042305753986241e+00
1.052763190797699480e+02,1.011318777884008924e+00,6.557780908860610936e+00
1.053263315828957332e+02,1.029669135901990495e+00,6.475827271582810241e+00
1.053763440860215042e+02,1.048767070026759729e+00,6.395168609270707627e+00
1.054263565891472894e+02,1.068634713189632546e+00,6.315792339863231852e+00
1.054763690922730746e+02,1.089295168287194748e+00,6.237686071630738738e+00
1.055263815953988598e+02,1.110772570641787027e+00,6.160837613052408734e+00
1.055763940985246307e+02,1.133092088621788340e+00,6.085234972964553180e+00
1.056264066016504160e+02,1.156279928412041968e+00,6.010866361219531662e+00
1.056764191047762012e+02,1.180363398023733801e+00,5.937720201776730100e+00
1.057264316079019864e+02,1.205370894475683130e+00,5.865785134107208698e+00
1.057764441110277573e+02,1.231331991522031766e+00,5.795050015507857921e+00
1.058264566141535425e+02,1.258277462325357421e+00,5.725503923032600362e+00
1.058764691172793277e+02,1.286239279456629969e+00,5.657136153492510644e+00
1.059264816204051129e+02,1.315250642635474199e+00,5.589936227169883587e+00
1.059764941235308839e+02,1.345346037246965887e+00,5.523893899125577711e+00
1.060265066266566691e+02,1.376561253274484420e+00,5.458999155091174948e+00
1.060765191297824543e+02,1.408933459874692762e+00,5.395242215094999239e+00
1.061265316329082253e+02,1.442501207450791023e+00,5.332613533649812609e+00
1.061765441360340105e+02,1.477304446904242896e+00,5.271103801798996180e+00
1.062265566391597957e+02,1.513384588118741325e+00,5.210703955519775832e+00
1.062765691422855809e+02,1.550784528466418566e+00,5.151405173928517378e+00
1.063265816454113519e+02,1.589548722722726071e+00,5.093198881631931130e+00
1.063765941485371371e+02,1.629723186034509164e+00,5.036076748930608638e+00
1.064266066516629223e+02,1.671355529840756304e+00,4.980030695419739750e+00
1.064766191547887075e+02,1.714494994984501197e+00,4.925052894052442731e+00
1.065266316579144785e+02,1.759192515301445159e+00,4.871135771107041990e+00
1.065766441610402637e+02,1.805500751841202511e+00,4.818272007566733350e+00
1.066266566641660489e+02,1.853474103114021609e+00,4.766454540030173881e+00
1.066766691672918341e+02,1.903168745514506544e+00,4.715676565311362367e+00
1.067266816704176051e+02,1.954642670515680525e+00,4.665931540660844590e+00
1.067766941735433903e+02,2.007955739235431469e+00,4.617213185430550482e+00
1.068267066766691755e+02,2.063169688806773650e+00,4.569515481575101568e+00
1.068767191797949465e+02,2.120348158536835115e+00,4.522832676903254523e+00
1.069267316829207317e+02,2.179556716504755798e+00,4.477159285901685770e+00
1.069767441860465169e+02,2.240862908922913732e+00,4.432490091408033628e+00
1.070267566891723021e+02,2.304336266525792265e+00,4.388820145141969498e+00
1.070767691922980731e+02,2.370048313277114183e+00,4.346144769923127704e+00
1.071267816954238583e+02,2.438072581274159045e+00,4.304459560431756593e+00
1.071767941985496435e+02,2.508484643064128772e+00,4.263760385036865053e+00
1.072268067016754287e+02,2.581362113464650054e+00,4.224043386330529337e+00
1.072768192048011997e+02,2.656784634821865332e+00,4.185304982372161753e+00
1.073268317079269849e+02,2.734833875926393709e+00,4.147541867366831170e+00
1.073768442110527701e+02,2.815593539779927212e+00,4.110751013555147715e+00
1.074268567141785553e+02,2.899149352952746561e+00,4.074929671629897499e+00
1.074768692173043263e+02,2.985589017767013242e+00,4.040075370732644444e+00
1.075268817204301115e+02,3.075002186541778926e+00,4.006185919583931998e+00
1.075768942235558967e+02,3.167480444388547145e+00,3.973259408086580180e+00
1.076269067266816819e+02,3.263117265678456835e+00,3.941294207290755747e+00
1.076769192298074529e+02,3.362007931875487632e+00,3.910288968083021732e+00
1.077269317329332381e+02,3.464249460940454828e+00,3.880242623352003761e+00
1.077769442360590233e+02,3.569940574212874029e+00,3.851154388880532853e+00
1.078269567391847943e+02,3.679181588412155257e+00,3.823023761875613324e+00
1.078769692423105795e+02,3.792074293438813637e+00,3.795850519721851057e+00
1.079269817454363647e+02,3.908721831999065532e+00,3.769634722587948072e+00
1.079769942485621499e+02,4.029228641675100420e+00,3.744376713350744179e+00
1.080270067516879209e+02,4.153700258829701397e+00,3.720077113858362594e+00
1.080770192548137061e+02,4.282243133978393068e+00,3.696736825573055718e+00
1.081270317579394913e+02,4.414964494362383363e+00,3.674357031513463046e+00
1.081770442610652765e+02,4.551972193633969432e+00,3.652939194278746360e+00
1.082270567641910475e+02,4.693374454543064012e+00,3.632485051136963961e+00
1.082770692673168327e+02,4.839279578557875716e+00,3.612996616882045764e+00
1.083270817704426179e+02,4.989795826742654761e+00,3.594476184398835539e+00
1.083770942735684031e+02,5.145031118688675242e+00,3.576926319244037700e+00
1.084271067766941741e+02,5.305092696149044329e+00,3.560349856808107560e+00
1.084771192798199593e+02,5.470086776310505883e+00,3.544749905545115265e+00
1.085271317829457445e+02,5.640118395571196430e+00,3.530129845698197766e+00
1.085771442860715297e+02,5.815290959056365949e+00,3.516493320471865580e+00
1.086271567891973007e+02,5.995705786788851910e+00,3.503844237283149088e+00
1.086771692923230859e+02,6.181461798377413608e+00,3.492186769881042263e+00
1.087271817954488711e+02,6.372655193097292781e+00,3.481525353932383382e+00
1.087771942985746421e+02,6.569378943652237623e+00,3.471864677560465573e+00
1.088272068017004273e+02,6.771722167303497741e+00,3.463209685761043932e+00
1.088772193048262125e+02,6.979769893050539409e+00,3.455565581186929691e+00
1.089272318079519977e+02,7.193602543891148393e+00,3.448937815719347100e+00
1.089772443110777687e+02,7.413295369650758637e+00,3.443332083132102817e+00
1.090272568142035539e+02,7.638917716186483631e+00,3.438754324886624580e+00
1.090772693173293391e+02,7.870532833799048333e+00,3.435210730004136348e+00
1.091272818204551243e+02,8.108197203101980222e+00,3.432707723185089321e+00
1.091772943235808953e+02,8.351959922061009678e+00,3.431251959783348848e+00
1.092273068267066805e+02,8.601861914555504640e+00,3.430850332564193916e+00
1.092773193298324657e+02,8.857935764612701490e+00,3.431509971377721069e+00
1.093273318329582509e+02,9.120204962963974538e+00,3.433238229594622215e+00
1.093773443360840218e+02,9.388683318274958722e+00,3.436042678470514034e+00
1.094273568392098070e+02,9.663374086829879417e+00,3.439931116137673772e+00
1.094773693423355923e+02,9.944269842895316458e+00,3.444911567916548290e+00
1.095273818454613632e+02,1.023135179353561774e+01,3.450992275428299561e+00
1.095773943485871484e+02,1.052458926455172872e+01,3.458181682972224280e+00
1.096274068517129336e+02,1.082393882639969362e+01,3.466488451027369688e+00
1.096774193548387188e+02,1.112934405896169565e+01,3.475921458114116458e+00
1.097274318579644898e+02,1.144073533431546252e+01,3.486489798491334557e+00
1.097774443610902750e+02,1.175802905087152617e+01,3.498202759448395316e+00
1.098274568642160602e+02,1.208112734491036733e+01,3.511069827037855529e+00
1.098774693673418454e+02,1.240991753032698952e+01,3.525100698453088377e+00
1.099274818704676164e+02,1.274427207683287300e+01,3.540305282183858537e+00
1.099774943735934016e+02,1.308404848098448348e+01,3.556693694892873125e+00
1.100275068767191868e+02,1.342908869711433795e+01,3.574276234849535161e+00
1.100775193798449720e+02,1.377921921616706236e+01,3.593063393656629412e+00
1.101275318829707430e+02,1.413425105670589588e+01,3.613065871051568401e+00
1.101775443860965282e+02,1.449397976118416054e+01,3.634294575033103492e+00
1.102275568892223134e+02,1.485818544460088830e+01,3.656760621031908798e+00
1.102775693923480986e+02,1.522663301603075325e+01,3.680475310794986132e+00
1.103275818954738696e+02,1.559907205906370109e+01,3.705450131545040104e+00
1.103775943985996548e+02,1.597523792142351162e+01,3.731696778009402582e+00
1.104276069017254400e+02,1.635485187426148102e+01,3.759227153422584511e+00
1.104776194048512110e+02,1.673762112569607652e+01,3.788053369479224664e+00
1.105276319079769962e+02,1.712323979616856207e+01,3.818187735764017265e+00
1.105776444111027814e+02,1.751138910054041631e+01,3.849642749949989451e+00
1.106276569142285666e+02,1.790173893436368502e+01,3.882431118782944335e+00
1.106776694173543376e+02,1.829394862528599219e+01,3.916565760622786385e+00
1.107276819204801228e+02,1.868766694216235535e+01,3.952059805432780237e+00
1.107776944236059080e+02,1.908253347335060113e+01,3.988926588955055141e+00
1.108277069267316932e+02,1.947817929624812550e+01,4.027179645780392114e+00
1.108777194298574642e+02,1.987422891346223253e+01,4.066832723803300631e+00
1.109277319329832494e+02,2.027030134912152448e+01,4.107899786495450734e+00
1.109777444361090346e+02,2.066601017111030458e+01,4.150395012882452939e+00
1.110277569392348198e+02,2.106096525084245030e+01,4.194332793495699541e+00
1.110777694423605908e+02,2.145477357656918116e+01,4.239727727888276121e+00
1.111277819454863760e+02,2.184704149249312621e+01,4.286594632182338493e+00
1.111777944486121612e+02,2.223737580389957103e+01,4.334948539690531177e+00
1.112278069517379464e+02,2.262538380012896866e+01,4.384804700873640826e+00
1.112778194548637174e+02,2.301067510415991180e+01,4.436178579913233833e+00
1.113278319579895026e+02,2.339286255724414687e+01,4.489085855382468182e+00
1.113778444611152878e+02,2.377156424880027430e+01,4.543542419950296285e+00
1.114278569642410588e+02,2.414640458848472448e+01,4.599564378791508368e+00
1.114778694673668440e+02,2.451701430770715362e+01,4.657168049580025837e+00
1.115278819704926292e+02,2.488303184935412560e+01,4.716369958305021370e+00
1.115778944736184144e+02,2.524410450898718139e+01,4.777186841523535676e+00
1.116279069767441854e+02,2.559988957605085602e+01,4.839635638655201078e+00
1.116779194798699706e+02,2.595005541886462908e+01,4.903733485829356198e+00
1.117279319829957558e+02,2.629428148462229586e+01,4.969497715884944711e+00
1.117779444861215410e+02,2.663225886244653751e+01,5.036945853477717172e+00
1.118279569892473120e+02,2.696369160294837997e+01,5.106095613764802366e+00
1.118779694923730972e+02,2.728829683768935155e+01,5.176964893822986191e+00
1.119279819954988824e+02,2.760580561606065331e+01,5.249571755047515609e+00
1.119779944986246676e+02,2.791596292218456554e+01,5.323934422906051900e+00
1.120280070017504386e+02,2.821852773438936524e+01,5.400071283294195723e+00
1.120780195048762238e+02,2.851327364852486212e+01,5.478000869578716348e+00
1.121280320080020090e+02,2.879998888990543904e+01,5.557741864375449481e+00
1.121780445111277800e+02,2.907847624003407461e+01,5.639313061484322098e+00
1.122280570142535652e+02,2.934855305513662671e+01,5.722733362045492100e+00
1.122780695173793504e+02,2.961005126446499602e+01,5.808021774425873751e+00
1.123280820205051356e+02,2.986281702343316624e+01,5.895197388804461980e+00
1.123780945236309066e+02,3.010671091145293587e+01,5.984279385519520211e+00
1.124281070267566918e+02,3.034160716174346106e+01,6.075286990927401654e+00
1.124781195298824770e+02,3.056739317737466166e+01,6.168239446928130754e+00
1.125281320330082622e+02,3.078396953126750546e+01,6.263156010965505338e+00
1.125781445361340332e+02,3.099124988208625453e+01,6.360055951777497718e+00
1.126281570392598184e+02,3.118915974630949250e+01,6.458958494850298493e+00
1.126781695423856036e+02,3.137763708602318857e+01,6.559882863038263068e+00
1.127281820455113888e+02,3.155663056557640900e+01,6.662848175744620072e+00
1.127781945486371598e+02,3.172609902734395959e+01,6.767873420460523981e+00
1.128282070517629450e+02,3.188601149172657756e+01,6.874977452765174135e+00
1.128782195548887302e+02,3.203634715715065084e+01,6.984178996325634436e+00
1.129282320580145154e+02,3.217709394472072404e+01,7.095496554237581854e+00
1.129782445611402864e+02,3.230824839562271222e+01,7.208948452460492540e+00
1.130282570642660716e+02,3.242981544029380814e+01,7.324552800571198397e+00
1.130782695673918568e+02,3.254180618378776302e+01,7.442327325787511327e+00
1.131282820705176277e+02,3.264423790032699912e+01,7.562289372591258996e+00
1.131782945736434129e+02,3.273713403330273763e+01,7.684455902728393184e+00
1.132283070767691981e+02,3.282052419527477838e+01,7.808843495208785512e+00
1.132783195798949833e+02,3.289444396066890874e+01,7.935468326722521226e+00
1.133283320830207543e+02,3.295893204785064512e+01,8.064345947457530528e+00
1.133783445861465395e+02,3.301403182760645194e+01,8.195491452213948591e+00
1.134283570892723247e+02,3.305978986683492593e+01,8.328919248520284313e+00
1.134783695923981099e+02,3.309625526503005943e+01,8.464642982994366349e+00
1.135283820955238809e+02,3.312347965428118357e+01,8.602675541343286270e+00
1.135783945986496661e+02,3.314151719927301798e+01,8.743029048363537115e+00
1.136284071017754513e+02,3.315042443625843305e+01,8.885714838245402092e+00
1.136784196049012365e+02,3.315025858588251850e+01,9.030743196152958063e+00
1.137284321080270075e+02,3.314107821035779011e+01,9.178123493797519572e+00
1.137784446111527927e+02,3.312294239073727198e+01,9.327863921743938747e+00
1.138284571142785779e+02,3.309591045126545339e+01,9.479971427921096705e+00
1.138784696174043631e+02,3.306004195937831014e+01,9.634451717622070532e+00
1.139284821205301341e+02,3.301539671556116673e+01,9.791309248586673064e+00
1.139784946236559193e+02,3.296203409436074594e+01,9.950546972885783603e+00
1.140285071267817045e+02,3.290001293856926168e+01,1.011216638778623711e+01
1.140785196299074755e+02,3.282939141913681169e+01,1.027616729747725088e+01
1.141285321330332607e+02,3.275022679148207061e+01,1.044254766053439276e+01
1.141785446361590459e+02,3.266257539549235389e+01,1.061130358991930223e+01
1.142285571392848311e+02,3.256649265478001354e+01,1.078242935108452905e+01
1.142785696424106021e+02,3.246203289212441945e+01,1.095591706935295306e+01
1.143285821455363873e+02,3.234924918088411516e+01,1.113175673578667535e+01
1.143785946486621725e+02,3.222819345202950103e+01,1.130993595588597245e+01
1.144286071517879577e+02,3.209891645625503287e+01,1.149043972291301330e+01
1.144786196549137287e+02,3.196146776397930012e+01,1.167325041789175266e+01
1.145286321580395139e+02,3.181589576590997481e+01,1.185834780854913895e+01
1.145786446611652991e+02,3.166224782109841840e+01,1.204570869825243484e+01
1.146286571642910843e+02,3.150057017964032013e+01,1.223530689535984273e+01
1.146786696674168553e+02,3.133090824994629386e+01,1.242711293578909526e+01
1.147286821705426405e+02,3.115330679222883603e+01,1.262109378076830524e+01
1.147786946736684257e+02,3.096780991850259568e+01,1.281721281683563696e+01
1.148287071767941967e+02,3.077446109308425193e+01,1.301542985538964459e+01
1.148787196799199819e+02,3.057330356674985694e+01,1.321570071956313619e+01
1.149287321830457671e+02,3.036438040416714301e+01,1.341797715893163989e+01
1.149787446861715523e+02,3.014773487770155214e+01,1.362220656094747717e+01
1.150287571892973233e+02,2.992341091627084637e+01,1.382833156681330244e+01
1.150787696924231085e+02,2.969145310534486271e+01,1.403629007148234109e+01
1.151287821955488937e+02,2.945190668706811010e+01,1.424601522358055128e+01
1.151787946986746789e+02,2.920481826264522596e+01,1.445743496177028931e+01
1.152288072018004499e+02,2.895023596054194925e+01,1.467047185073582050e+01
1.152788197049262351e+02,2.868820993641932660e+01,1.488504281076372138e+01
1.153288322080520203e+02,2.841879311660346730e+01,1.510105866270845532e+01
1.153788447111778055e+02,2.814204119808523785e+01,1.531842412799261766e+01
1.154288572143035765e+02,2.785801264852042891e+01,1.553703782860681137e+01
1.154788697174293617e+02,2.756676967540445844e+01,1.575679180624134013e+01
1.155288822205551469e+02,2.726837858071261778e+01,1.597757125885696183e+01
1.155788947236809321e+02,2.696291034193868441e+01,1.619925433878110255e+01
1.156289072268067031e+02,2.665044169757501180e+01,1.642171167330308990e+01
1.156789197299324883e+02,2.633105514714142004e+01,1.664480636466076646e+01
1.157289322330582735e+02,2.600483895118570032e+01,1.686839399004012563e+01
1.157789447361840445e+02,2.567188830394326615e+01,1.709232219752932025e+01
1.158289572393098297e+02,2.533230603502883582e+01,1.731643029706072667e+01
1.158789697424356149e+02,2.498620309008254736e+01,1.754054924299086693e+01
1.159289822455614001e+02,2.463370004041646055e+01,1.776450123786634094e+01
1.159789947486871711e+02,2.427492708547434574e+01,1.798809973168588527e+01
1.160290072518129563e+02,2.391002405283125043e+01,1.821114942190061115e+01
1.160790197549387415e+02,2.353914146025217491e+01,1.843344609890612418e+01
1.161290322580645267e+02,2.316244204096656389e+01,1.865477610328699853e+01
1.161790447611902977e+02,2.278010059587055736e+01,1.887491655383642453e+01
1.162290572643160829e+02,2.239230590928702469e+01,1.909363537223278939e+01
1.162790697674418681e+02,2.199926078197494661e+01,1.931069128095431608e+01
1.163290822705676533e+02,2.160118203112898527e+01,1.952583380327932616e+01
1.163790947736934243e+02,2.119830105488995997e+01,1.973880335001856778e+01
1.164291072768192095e+02,2.079086615949044869e+01,1.994933122992704355e+01
1.164791197799449947e+02,2.037914198786689468e+01,2.015713988992047234e+01
1.165291322830707799e+02,1.996341058194524720e+01,2.036194367764682056e+01
1.165791447861965509e+02,1.954397147411647495e+01,2.056344887307953329e+01
1.166291572893223361e+02,1.912114178495704664e+01,2.076135388446393648e+01
1.166791697924481213e+02,1.869525735526124777e+01,2.095535003689718323e+01
1.167291822955738922e+02,1.826667283383517670e+01,2.114512175590927612e+01
1.167791947986996774e+02,1.783576137616133295e+01,2.133034849708923630e+01
1.168292073018254627e+02,1.740291465904708090e+01,2.151070492741314411e+01
1.168792198049512479e+02,1.696854280963551531e+01,2.168586111197316768e+01
1.169292323080770188e+02,1.653307413412359139e+01,2.185548443416329079e+01
1.169792448112028040e+02,1.609695497292221233e+01,2.201924019068326288e+01
1.170292573143285892e+02,1.566064759918236327e+01,2.217679427496741340e+01
1.170792698174543744e+02,1.522462994515943713e+01,2.232781363339366010e+01
1.171292823205801454e+02,1.478939494908644470e+01,2.247196705401299610e+01
1.171792948237059306e+02,1.435544872568124752e+01,2.260892785392474735e+01
1.172293073268317158e+02,1.392330846449991277e+01,2.273837563793701122e+01
1.172793198299575010e+02,1.349349964482661690e+01,2.285999878144221853e+01
1.173293323330832720e+02,1.306655560828080098e+01,2.297349479368926950e+01
1.173793448362090572e+02,1.264301425868701045e+01,2.307857326866956882e+01
1.174293573393348424e+02,1.222341526683118218e+01,2.317495803898304629e+01
1.174793698424606134e+02,1.180829565751042409e+01,2.326239006161248568e+01
1.175293823455863986e+02,1.139818892100860914e+01,2.334062802280232418e+01
1.175793948487121838e+02,1.099362091131493635e+01,2.340945114006510863e+01
1.176294073518379690e+02,1.059510596799148985e+01,2.346866148752941683e+01
1.176794198549637400e+02,1.020314240000047157e+01,2.351808626357055232e+01
1.177294323580895252e+02,9.818211184517991796e+00,2.355757846721529347e+01
1.177794448612153104e+02,9.440771234443900539e+00,2.358701942001563623e+01
1.178294573643410956e+02,9.071255481293956535e+00,2.360632029365627105e+01
1.178794698674668666e+02,8.710067766507334497e+00,2.361542315954823223e+01
1.179294823705926518e+02,8.357580966016337598e+00,2.361430161657579063e+01
1.179794948737184370e+02,8.014133018092104876e+00,2.360296214343446408e+01
1.180295073768442222e+02,7.680024416819509980e+00,2.358144403707900949e+01
1.180795198799699932e+02,7.355517071011128394e+00,2.354981941748394192e+01
1.181295323830957784e+02,7.040832268393662829e+00,2.350819322069320449e+01
1.181795448862215636e+02,6.736149335032314944e+00,2.345670239990873540e+01
1.182295573893473488e+02,6.441605452265140030e+00,2.339551457840429904e+01
1.182795698924731198e+02,6.157295604860596683e+00,2.332482727443407455e+01
1.183295823955989050e+02,5.883272226294177898e+00,2.324486643777725448e+01
1.183795948987246902e+02,5.619547211407460274e+00,2.315588350608338075e+01
1.184296074018504612e+02,5.366092840882872750e+00,2.305815409622442047e+01
1.184796199049762464e+02,5.122843173124358884e+00,2.295197587884045731e+01
1.185296324081020316e+02,4.889695827844279030e+00,2.283766609606658449e+01
1.185796449112278168e+02,4.666516653581230578e+00,2.271555732011889361e+01
1.186296574143535878e+02,4.453140451648807563e+00,2.258599676749748397e+01
1.186796699174793730e+02,4.249373826072953442e+00,2.244934338453981226e+01
1.187296824206051582e+02,4.054999019003373562e+00,2.230596435489005103e+01
1.187796949237309434e+02,3.869777628500895350e+00,2.215623242828390005e+01
1.188297074268567144e+02,3.693452376762604406e+00,2.200052445486466723e+01
1.188797199299824996e+02,3.525750655303974579e+00,2.183921836213129808e+01
1.189297324331082848e+02,3.366388390878281012e+00,2.167269057428739387e+01
1.189797449362340700e+02,3.215072028913742663e+00,2.150131467925082873e+01
1.190297574393598410e+02,3.071501204257378603e+00,2.132545937217428289e+01
1.190797699424856262e+02,2.935371894688046268e+00,2.114548645358692625e+01
1.191297824456114114e+02,2.806378475292421903e+00,2.096174968777985370e+01
1.191797949487371966e+02,2.684215486261369854e+00,2.077459358720393112e+01
1.192298074518629676e+02,2.568579986005738114e+00,2.058435207898023123e+01
1.192798199549887528e+02,2.459173059956076379e+00,2.039134784309359461e+01
1.193298324581145380e+02,2.355701018928126000e+00,2.019589160432306230e+01
1.193798449612403090e+02,2.257876915677192731e+00,1.999828147692844027e+01
1.194298574643660942e+02,2.165421447028396784e+00,1.979880273928258916e+01
1.194798699674918794e+02,2.078063665172993346e+00,1.959772752271247143e+01
1.195298824706176646e+02,1.995541785403444290e+00,1.939531469130265151e+01
1.195798949737434356e+02,1.917603607917181208e+00,1.919180992989563705e+01
1.196299074768692208e+02,1.844006818530815162e+00,1.898744573961989346e+01
1.196799199799950060e+02,1.774519263257819057e+00,1.878244167757758731e+01
1.197299324831207912e+02,1.708919038919627598e+00,1.857700465643895171e+01
1.197799449862465622e+02,1.646994492615214689e+00,1.837132913997555050e+01
1.198299574893723474e+02,1.588544144176672335e+00,1.816559756740023701e+01
1.198799699924981326e+02,1.533376534379451872e+00,1.795998083453750027e+01
1.199299824956239178e+02,1.481310065360288197e+00,1.775463857105514975e+01
1.199799949987496888e+02,1.432172748499015658e+00,1.754971957243949632e+01
1.200300075018754740e+02,1.385801803806741228e+00,1.734536250371873578e+01
1.200800200050012592e+02,1.342043508658011142e+00,1.714169613190639296e+01
1.201300325081270302e+02,1.300752827602045247e+00,1.693883978358814346e+01
1.201800450112528154e+02,1.261793015896510939e+00,1.673690389196002570e+01
1.202300575143786006e+02,1.225035158391924783e+00,1.653599063962497695e+01
1.202800700175043858e+02,1.190358074315898129e+00,1.633619407226714060e+01
1.203300825206301568e+02,1.157647808571494963e+00,1.613760066546878491e+01
1.203800950237559420e+02,1.126797265124581671e+00,1.594028979095569909e+01
1.204301075268817272e+02,1.097705762570248877e+00,1.574433426615290976e+01
1.204801200300075124e+02,1.070278931479506479e+00,1.554980046868840127e+01
1.205301325331332833e+02,1.044428246659589332e+00,1.535674884160902209e+01
1.205801450362590685e+02,1.020070681216489916e+00,1.516523430488377144e+01
1.206301575393848537e+02,9.971283707780568273e-01,1.497530664506219722e+01
1.206801700425106390e+02,9.755284709876979043e-01,1.478701066873109760e+01
1.207301825456364099e+02,9.552027687761867059e-01,1.460038662231577611e+01
1.207801950487621951e+02,9.360873738562649482e-01,1.441547054578901665e+01
1.208302075518879803e+02,9.181225221415243443e-01,1.423229449124793611e+01
1.208802200550137655e+02,9.012523690723071024e-01,1.405088674417155481e+01
1.209302325581395365e+02,8.854247107201055345e-01,1.387127212889152617e+01
1.209802450612653217e+02,8.705907172468322353e-01,1.369347230437944951e+01
1.210302575643911069e+02,8.567048375062091825e-01,1.351750586771466978e+01
1.210802700675168779e+02,8.437245637469965587e-01,1.334338860905163315e+01
1.211302825706426631e+02,8.316102202011250721e-01,1.317113374473353282e+01
1.211802950737684483e+02,8.203248032363200659e-01,1.300075209137466992e+01
1.212303075768942335e+02,8.098338761119890927e-01,1.283225218084857566e+01
1.212803200800200045e+02,8.001053856008824017e-01,1.266564046296717372e+01
1.213303325831457897e+02,7.911094840364850667e-01,1.250092149977794875e+01
1.213803450862715749e+02,7.828184584817109437e-01,1.233809804258106446e+01
1.214303575893973601e+02,7.752066045827225027e-01,1.217717117341921274e+01
1.214803700925231311e+02,7.682500953657415144e-01,1.201814045195965797e+01
1.215303825956489163e+02,7.619268527010426562e-01,1.186100405543932546e+01
1.215803950987747015e+02,7.562165079145575231e-01,1.170575882288196112e+01
1.216304076019004867e+02,7.511002848016430367e-01,1.155240039096532634e+01
1.216804201050262577e+02,7.465609027940117715e-01,1.140092330270360854e+01
1.217304326081520429e+02,7.425824955450414100e-01,1.125132109715242912e+01
1.217804451112778281e+02,7.391505765514414517e-01,1.110358635021800033e+01
1.218304576144036133e+02,7.362519491444633468e-01,1.095771078424524170e+01
1.218804701175293843e+02,7.338746323699777419e-01,1.081368535210081205e+01
1.219304826206551695e+02,7.320078095520169414e-01,1.067150029550028378e+01
1.219804951237809547e+02,7.306418002269705614e-01,1.053114518064245786e+01
1.220305076269067257e+02,7.297679947662520927e-01,1.039260898341765227e+01
1.220805201300325109e+02,7.293788000504134450e-01,1.025588015344328774e+01
1.221305326331582961e+02,7.294676019053852878e-01,1.012094665884216305e+01
1.221805451362840813e+02,7.300287494680757217e-01,9.987796008097012290e+00
1.222305576394098523e+02,7.310575060075622522e-01,9.856415321002511831e+00
1.222805701425356375e+02,7.325500157680946423e-01,9.726791371484287296e+00
1.223305826456614227e+02,7.345032699029545586e-01,9.598910631907401125e+00
1.223805951487872079e+02,7.369151019100923516e-01,9.472759280401701787e+00
1.224306076519129789e+02,7.397841545251264694e-01,9.348323256992841834e+00
1.224806201550387641e+02,7.431098626881051938e-01,9.225588291353155057e+00
1.225306326581645493e+02,7.468924239833240053e-01,9.104539948505717462e+00
1.225806451612903345e+02,7.511327950152476562e-01,8.985163634604372618e+00
1.226306576644161055e+02,7.558326817160038180e-01,8.867444620151701429e+00
1.226806701675418907e+02,7.609945221648587443e-01,8.751368079672916522e+00
1.227306826706676759e+02,7.666214777163905536e-01,8.636919113890536792e+00
1.227806951737934469e+02,7.727174227400361861e-01,8.524082775283854829e+00
1.228307076769192321e+02,7.792869445923714666e-01,8.412844068231381200e+00
1.228807201800450173e+02,7.863353404576572947e-01,8.303187976049757779e+00
1.229307326831708025e+02,7.938686106708138235e-01,8.195099483618825786e+00
1.229807451862965735e+02,8.018934620672405478e-01,8.088563596770576680e+00
1.230307576894223587e+02,8.104173085989834213e-01,7.983565359055492472e+00
1.230807701925481439e+02,8.194482713347214231e-01,7.880089851742719809e+00
1.231307826956739291e+02,8.289951839508283848e-01,7.778122205346864604e+00
1.231807951987997001e+02,8.390675964462600556e-01,7.677647631414039608e+00
1.232308077019254853e+02,8.496757794265625829e-01,7.578651421484970285e+00
1.232808202050512705e+02,8.608307472213390099e-01,7.481118970068792784e+00
1.233308327081770557e+02,8.725442585192898504e-01,7.385035775507307498e+00
1.233808452113028267e+02,8.848288163682058727e-01,7.290387439975033246e+00
1.234308577144286119e+02,8.976976912311790402e-01,7.197159685214445268e+00
1.234808702175543971e+02,9.111649234771237449e-01,7.105338373768513627e+00
1.235308827206801823e+02,9.252453381248677555e-01,7.014909505215707775e+00
1.235808952238059533e+02,9.399545914097267030e-01,6.925859232752484829e+00
1.236309077269317385e+02,9.553091710134791192e-01,6.838173863303733668e+00
1.236809202300575237e+02,9.713263960643410133e-01,6.751839857522921484e+00
1.237309327331832947e+02,9.880244283327268562e-01,6.666843833164000976e+00
1.237809452363090799e+02,1.005422334303486265e+00,6.583172593813812590e+00
1.238309577394348651e+02,1.023540042553636953e+00,6.500813119238071813e+00
1.238809702425606503e+02,1.042398436360290281e+00,6.419752575649551929e+00
1.239309827456864213e+02,1.062019368318980028e+00,6.339978318751207986e+00
1.239809952488122065e+02,1.082425660343685703e+00,6.261477893736081768e+00
1.240310077519379917e+02,1.103641103697478032e+00,6.184239035293605191e+00
1.240810202550637769e+02,1.125690515351258858e+00,6.108249681686749533e+00
1.241310327581895478e+02,1.148599765263235151e+00,6.033497984884024667e+00
1.241810452613153331e+02,1.172395806102048077e+00,5.959972303370226321e+00
1.242310577644411183e+02,1.197106721229390436e+00,5.887661208595714513e+00
1.242810702675669035e+02,1.222761724700031971e+00,5.816553484976322963e+00
1.243310827706926744e+02,1.249391187434110817e+00,5.746638133411966720e+00
1.243810952738184596e+02,1.277026682227140109e+00,5.677904381991627503e+00
1.244311077769442448e+02,1.305701008798665130e+00,5.610341683828621306e+00
1.244811202800700300e+02,1.335448266959516905e+00,5.543939720556473105e+00
1.245311327831958010e+02,1.366303858252512216e+00,5.478688402468907981e+00
1.245811452863215862e+02,1.398304498903537141e+00,5.414577869939111388e+00
1.246311577894473714e+02,1.431488284706350589e+00,5.351598503190452938e+00
1.246811702925731424e+02,1.465894706242126810e+00,5.289740920800860557e+00
1.247311827956989276e+02,1.501564729250745023e+00,5.228995981956475525e+00
1.247811952988247128e+02,1.538540801942698710e+00,5.169354786951442016e+00
1.248312078019504980e+02,1.576866873929794188e+00,5.110808679048666647e+00
1.248812203050762690e+02,1.616588449188466781e+00,5.053349251387740715e+00
1.249312328082020542e+02,1.657752622702425516e+00,4.996968345908712195e+00
1.249812453113278394e+02,1.700408143310294884e+00,4.941658055383717496e+00
1.250312578144536246e+02,1.744605417348498166e+00,4.887410723668893731e+00
1.250812703175793956e+02,1.790396549084513289e+00,4.834218949895199735e+00
1.251312828207051808e+02,1.837835367709889089e+00,4.782075590516808639e+00
1.251812953238309660e+02,1.886977497079400656e+00,4.730973760313137433e+00
1.252313078269567512e+02,1.937880372932700546e+00,4.680906833146954327e+00
1.252813203300825222e+02,1.990603263225485753e+00,4.631868443985681871e+00
1.253313328332083074e+02,2.045207294966743916e+00,4.583852491856255540e+00
1.253813453363340926e+02,2.101755506713894661e+00,4.536853140535240136e+00
1.254313578394598636e+02,2.160312876494993706e+00,4.490864819747743653e+00
1.254813703425856488e+02,2.220946331263097040e+00,4.445882226397368520e+00
1.255313828457114340e+02,2.283724762072497860e+00,4.401900326894564230e+00
1.255813953488372192e+02,2.348719061032686906e+00,4.358914358066753536e+00
1.256314078519629902e+02,2.416002144522312989e+00,4.316919828466174280e+00
1.256814203550887754e+02,2.485648953750970058e+00,4.275912519366626086e+00
1.257314328582145606e+02,2.557736449795385614e+00,4.235888485966085248e+00
1.257814453613403458e+02,2.632343633369158553e+00,4.196844058773060659e+00
1.258314578644661168e+02,2.709551553766069709e+00,4.158775844757843565e+00
1.258814703675919020e+02,2.789443291271759939e+00,4.121680728083243928e+00
1.259314828707176872e+02,2.872103929105359832e+00,4.085555870182045801e+00
1.259814953738434724e+02,2.957620545095888787e+00,4.050398711781456385e+00
1.260315078769692434e+02,3.046082204949388750e+00,4.016206973686954562e+00
1.260815203800950286e+02,3.137579908011011831e+00,3.982978656664088568e+00
1.261315328832208138e+02,3.232206532111854269e+00,3.950712041152871112e+00
1.261815453863465990e+02,3.330056787853000078e+00,3.919405689604870346e+00
1.262315578894723700e+02,3.431227191744352201e+00,3.889058446752692966e+00
1.262815703925981552e+02,3.535815954983529963e+00,3.859669437894249100e+00
1.263315828957239404e+02,3.643922888290961115e+00,3.831238069501844645e+00
1.263815953988497114e+02,3.755649328088872529e+00,3.803764031177134353e+00
1.264316079019754966e+02,3.871098054824275714e+00,3.777247294879594097e+00
1.264816204051012818e+02,3.990373128633480704e+00,3.751688111723173513e+00
1.265316329082270670e+02,4.113579723262470011e+00,3.727087014293143152e+00
1.265816454113528380e+02,4.240824048114780531e+00,3.703444817551087898e+00
1.266316579144786232e+02,4.372213160528289677e+00,3.680762615677806604e+00
1.266816704176044084e+02,4.507854744953760928e+00,3.659041779649188086e+00
1.267316829207301936e+02,4.647856882656098421e+00,3.638283960165840547e+00
1.267816954238559646e+02,4.792327949528147002e+00,3.618491087109093396e+00
1.268317079269817498e+02,4.941376301449178499e+00,3.599665363346423508e+00
1.268817204301075350e+02,5.095109962836971818e+00,3.581809265374690465e+00
1.269317329332333202e+02,5.253636399302042292e+00,3.564925545361773640e+00
1.269817454363590912e+02,5.417062284173738362e+00,3.549017227896647420e+00
1.270317579394848764e+02,5.585493116090769483e+00,3.534087602873236644e+00
1.270817704426106616e+02,5.759032763155981449e+00,3.520140228954307116e+00
1.271317829457364468e+02,5.937783287039248847e+00,3.507178934095211531e+00
1.271817954488622178e+02,6.121844519062719314e+00,3.495207808125034621e+00
1.272318079519880030e+02,6.311313591272243784e+00,3.484231198334470481e+00
1.272818204551137882e+02,6.506284411416651814e+00,3.474253713599614102e+00
1.273318329582395592e+02,6.706847477665810686e+00,3.465280223247892089e+00
1.273818454613653444e+02,6.913089281395320640e+00,3.457315845644577834e+00
1.274318579644911296e+02,7.125091726369772616e+00,3.450365948211945533e+00
1.274818704676169148e+02,7.342931617223904972e+00,3.444436150905283878e+00
1.275318829707426858e+02,7.566680385911603857e+00,3.439532323192383778e+00
1.275818954738684710e+02,7.796403397743446817e+00,3.435660570085398824e+00
1.276319079769942562e+02,8.032159248797530182e+00,3.432827236112933278e+00
1.276819204801200414e+02,8.273999293705774249e+00,3.431038908133311693e+00
1.277319329832458124e+02,8.521967292628529478e+00,3.430302411108575367e+00
1.277819454863715976e+02,8.776098676806048715e+00,3.430624792142786372e+00
1.278319579894973828e+02,9.036419774590475740e+00,3.432013327015702941e+00
1.278819704926231680e+02,9.302947326102138703e+00,3.434475523309927780e+00
1.279319829957489389e+02,9.575688190634515706e+00,3.438019117186441598e+00
1.279819954988747241e+02,9.854638541886808767e+00,3.442652054602668876e+00
1.280320080020005094e+02,1.013978321486360379e+01,3.448382497494183241e+00
1.280820205051262803e+02,1.043109506708225709e+01,3.455218829691231619e+00
1.281320330082520798e+02,1.072853488351874063e+01,3.463169656359661897e+00
1.281820455113778507e+02,1.103205058466665633e+01,3.472243787416104066e+00
1.282320580145036217e+02,1.134157684826200807e+01,3.482450230885294484e+00
1.282820705176294211e+02,1.165703433595958494e+01,3.493798207765153485e+00
1.283320830207551921e+02,1.197832958648846535e+01,3.506297152919064075e+00
1.283820955238809631e+02,1.230535484616720510e+01,3.519956712896901152e+00
1.284321080270067625e+02,1.263798738487200701e+01,3.534786721411657506e+00
1.284821205301325335e+02,1.297608939580763732e+01,3.550797205812463275e+00
1.285321330332583329e+02,1.331950767819814097e+01,3.567998402344929598e+00
1.285821455363841039e+02,1.366807362100905898e+01,3.586400756385467403e+00
1.286321580395098749e+02,1.402160321791883923e+01,3.606014921343466906e+00
1.286821705426356743e+02,1.437989686743437190e+01,3.626851735880642913e+00
1.287321830457614453e+02,1.474273931203694765e+01,3.648922224073443576e+00
1.287821955488872163e+02,1.510990026486431503e+01,3.672237617084447514e+00
1.288322080520130157e+02,1.548113446093733714e+01,3.696809354087803978e+00
1.288822205551387867e+02,1.585618166608439772e+01,3.722649082222006633e+00
1.289322330582645577e+02,1.623476735709916596e+01,3.749768644360259806e+00
1.289822455613903571e+02,1.661660270766507708e+01,3.778180066601819487e+00
1.290322580645161281e+02,1.700138590538762173e+01,3.807895582066166185e+00
1.290822705676419275e+02,1.738880277882781300e+01,3.838927633847668552e+00
1.291322830707676985e+02,1.777852679750041531e+01,3.871288875015450159e+00
1.291822955738934695e+02,1.817022007098410441e+01,3.904992162933448974e+00
1.292323080770192689e+02,1.856353411121065733e+01,3.940050547859459407e+00
1.292823205801450399e+02,1.895811126402985991e+01,3.976477290173926704e+00
1.293323330832708109e+02,1.935358598514425665e+01,4.014285864177868923e+00
1.293823455863966103e+02,1.974958484051122198e+01,4.053489958092500345e+00
1.294323580895223813e+02,2.014572786377503633e+01,4.094103470378035681e+00
1.294823705926481807e+02,2.054162963435419798e+01,4.136140503696369208e+00
1.295323830957739517e+02,2.093690107152987423e+01,4.179615375692556256e+00
1.295823955988997227e+02,2.133115087106076047e+01,4.224542621040034085e+00
1.296324081020255221e+02,2.172398550803012185e+01,4.270936991436931507e+00
1.296824206051512931e+02,2.211501084023802122e+01,4.318813452637328076e+00
1.297324331082770641e+02,2.250383326561486541e+01,4.368187182735939977e+00
1.297824456114028635e+02,2.289006159297101917e+01,4.419073576040605467e+00
1.298324581145286345e+02,2.327330842966138391e+01,4.471488242553114389e+00
1.298824706176544055e+02,2.365319018158671582e+01,4.525447007969378710e+00
1.299324831207802049e+02,2.402932843234344062e+01,4.580965910512765582e+00
1.299824956239059759e+02,2.440135130992347001e+01,4.638061201673521872e+00
1.300325081270317753e+02,2.476889474002250680e+01,4.696749343002029065e+00
1.300825206301575463e+02,2.513160381500545526e+01,4.757047001543956988e+00
1.301325331332833173e+02,2.548913279391830855e+01,4.818971049840458321e+00
1.301825456364091167e+02,2.584114581552076473e+01,4.882538562127261450e+00
1.302325581395348877e+02,2.618731845788254020e+01,4.947766813703054822e+00
1.302825706426606587e+02,2.652733804250657812e+01,5.014673274648158596e+00
1.303325831457864581e+02,2.686090480786421253e+01,5.083275596353660220e+00
1.303825956489122291e+02,2.718773193068555827e+01,5.153591611339949807e+00
1.304326081520380285e+02,2.750754568085226026e+01,5.225639329871392569e+00
1.304826206551637995e+02,2.782008645890886456e+01,5.299436931280752994e+00
1.305326331582895705e+02,2.812510879202546832e+01,5.375002763445856147e+00
1.305826456614153699e+02,2.842238171545161052e+01,5.452355312786437480e+00
1.306326581645411409e+02,2.871168882981265824e+01,5.531513201894217246e+00
1.306826706676669119e+02,2.899282829599471256e+01,5.612495188774580868e+00
1.307326831707927113e+02,2.926561281834005612e+01,5.695320145169590731e+00
1.307826956739184823e+02,2.952986991837050823e+01,5.780007066584897935e+00
1.308327081770442533e+02,2.978544131308548870e+01,5.866575027074519610e+00
1.308827206801700527e+02,3.003218274192027692e+01,5.955043162418993674e+00
1.309327331832958237e+02,3.026996396674563528e+01,6.045430670125228723e+00
1.309827456864216231e+02,3.049866854553681250e+01,6.137756797909211137e+00
1.310327581895473941e+02,3.071819312726524487e+01,6.232040812760802240e+00
1.310827706926731651e+02,3.092844762453202279e+01,6.328302011586712794e+00
1.311327831957989645e+02,3.112935374027160407e+01,6.426559640481285030e+00
1.311827956989247355e+02,3.132084484551708314e+01,6.526832888199272098e+00
1.312328082020505065e+02,3.150286597940087319e+01,6.629140886156179135e+00
1.312828207051763059e+02,3.167537346000468190e+01,6.733502687218157590e+00
1.313328332083020769e+02,3.183833336701476568e+01,6.839937203462314486e+00
1.313828457114278763e+02,3.199172253892139040e+01,6.948463269917343865e+00
1.314328582145536473e+02,3.213552611792555069e+01,7.059099484740380070e+00
1.314828707176794182e+02,3.226973727200488185e+01,7.171864192425812412e+00
1.315328832208052177e+02,3.239435719491338261e+01,7.286775483805103981e+00
1.315828957239309887e+02,3.250939510618123052e+01,7.403851196046590921e+00
1.316329082270567596e+02,3.261486772981846372e+01,7.523108876225260921e+00
1.316829207301825591e+02,3.271079698502708766e+01,7.644565652217495177e+00
1.317329332333083300e+02,3.279721127189097984e+01,7.768238315423449336e+00
1.317829457364341010e+02,3.287414353056242788e+01,7.894143131671730096e+00
1.318329582395599004e+02,3.294163100595394411e+01,8.022295822153866496e+00
1.318829707426856714e+02,3.299971524773823006e+01,8.152711563424086094e+00
1.319329832458114709e+02,3.304844209530796917e+01,8.285404985352522900e+00
1.319829957489372418e+02,3.308786022195072718e+01,8.420390002851071642e+00
1.320330082520630128e+02,3.311802110760628892e+01,8.557679873564261186e+00
1.320830207551888122e+02,3.313897847932512519e+01,8.697287041688472442e+00
1.321330332583145832e+02,3.315078753644753817e+01,8.839223013803071183e+00
1.321830457614403542e+02,3.315350495060373248e+01,8.983498358870891209e+00
1.322330582645661536e+02,3.314718886571372991e+01,9.130122708237989215e+00
1.322830707676919246e+02,3.313189859440604579e+01,9.279104680642259240e+00
1.323330832708177240e+02,3.310769347626151671e+01,9.430451670920202645e+00
1.323830957739434950e+02,3.307463336381390917e+01,9.584169934734587670e+00
1.324331082770692660e+02,3.303277785895870977e+01,9.740264291726175472e+00
1.324831207801950654e+02,3.298218624530058207e+01,9.898738105067939941e+00
1.325331332833208364e+02,3.292291748815347319e+01,1.005959328146479592e+01
1.325831457864466074e+02,3.285503015851839592e+01,1.022283021858987517e+01
1.326331582895724068e+02,3.277858184416787424e+01,1.038844750896029723e+01
1.326831707926981778e+02,3.269362930990362770e+01,1.055644205304082206e+01
1.327331832958239488e+02,3.260022825951598691e+01,1.072680868663586295e+01
1.327831957989497482e+02,3.249843327988071451e+01,1.089954012818366280e+01
1.328332083020755192e+02,3.238829784095923969e+01,1.107462697875599922e+01
1.328832208052013186e+02,3.226987429305361843e+01,1.125205766821504483e+01
1.329332333083270896e+02,3.214321375434615646e+01,1.143181807555409968e+01
1.329832458114528606e+02,3.200836610049970687e+01,1.161389166497177783e+01
1.330332583145786600e+02,3.186538012702933642e+01,1.179825902434295770e+01
1.330832708177044310e+02,3.171430356013442875e+01,1.198489778579174470e+01
1.331332833208302020e+02,3.155518305669819767e+01,1.217378262569209646e+01
1.331832958239560014e+02,3.138806424862275435e+01,1.236488520520211054e+01
1.332333083270817724e+02,3.121299204746910405e+01,1.255817368923772470e+01
1.332833208302075718e+02,3.103001050578867748e+01,1.275361291055227575e+01
1.333333333333333428e+02,3.083916334372246837e+01,1.295116381169291131e+01
1.333833458364591138e+02,3.064049403918381387e+01,1.315078333706064129e+01
1.334333583395849132e+02,3.043404582785872492e+01,1.335242443291001635e+01
1.334833708427106842e+02,3.021986178388539912e+01,1.355603598377901875e+01
1.335333833458364552e+02,2.999798552744146463e+01,1.376156222179243116e+01
1.335833958489622546e+02,2.976846096580150913e+01,1.396894291200356264e+01
1.336334083520880256e+02,2.953133318692282572e+01,1.417811271274753437e+01
1.336834208552137966e+02,2.928664864385555333e+01,1.438900103666678199e+01
1.337334333583395960e+02,2.903445515474304273e+01,1.460153205071070914e+01
1.337834458614653670e+02,2.877480201495598422e+01,1.481562461151558630e+01
1.338334583645911664e+02,2.850774112214094202e+01,1.503119157887536872e+01
1.338834708677169374e+02,2.823332659896157537e+01,1.524814000164742467e+01
1.339334833708427084e+02,2.795161607809395932e+01,1.546637044621183321e+01
1.339834958739685078e+02,2.766267099900668569e+01,1.568577683298004821e+01
1.340335083770942788e+02,2.736655660796135336e+01,1.590624643639450575e+01
1.340835208802200498e+02,2.706334209494306720e+01,1.612765982745731463e+01
1.341335333833458492e+02,2.675310216860916768e+01,1.634989014534228247e+01
1.341835458864716202e+02,2.643591655914774208e+01,1.657280324154605822e+01
1.342335583895973912e+02,2.611187170274873992e+01,1.679625709522112942e+01
1.342835708927231906e+02,2.578106117759575255e+01,1.702010164472051201e+01
1.343335833958489616e+02,2.544358570386660290e+01,1.724417878759736311e+01
1.343835958989747610e+02,2.509955326448084278e+01,1.746832235094706220e+01
1.344336084021005320e+02,2.474908111840755609e+01,1.769235747152833227e+01
1.344836209052263030e+02,2.439229526883122290e+01,1.791610057107402199e+01
1.345336334083521024e+02,2.402933235145384927e+01,1.813935913520382925e+01
1.345836459114778734e+02,2.366034028968005032e+01,1.836193158752292121e+01
1.346336584146036444e+02,2.328547829461582808e+01,1.858360728962271935e+01
1.346836709177294438e+02,2.290491689939077347e+01,1.880416654209850691e+01
1.347336834208552148e+02,2.251884000602877478e+01,1.902338042690740849e+01
1.347836959239810142e+02,2.212744501537499886e+01,1.924101037685570148e+01
1.348337084271067852e+02,2.173094397207734474e+01,1.945680871590441186e+01
1.348837209302325562e+02,2.132956451766696659e+01,1.967051879934368586e+01
1.349337334333583556e+02,2.092354989055894521e+01,1.988187501379243116e+01
1.349837459364841266e+02,2.051315892949217101e+01,2.009060277910701942e+01
1.350337584396098976e+02,2.009866743755248208e+01,2.029641899624691348e+01
1.350837709427356970e+02,1.968036930895571146e+01,2.049903206333686612e+01
1.351337834458614680e+02,1.925857623932345319e+01,2.069814283151454504e+01
1.351837959489872389e+02,1.883361822580377165e+01,2.089344515374251898e+01
1.352338084521130384e+02,1.840584356545243239e+01,2.108462590445901697e+01
1.352838209552388093e+02,1.797561913297804281e+01,2.127136601567191576e+01
1.353338334583646088e+02,1.754333107596017172e+01,2.145334068637744807e+01
1.353838459614903798e+02,1.710938375659567257e+01,2.163022148243398846e+01
1.354338584646161507e+02,1.667419948841371280e+01,2.180167716083194307e+01
1.354838709677419502e+02,1.623821849117606320e+01,2.196737374097662965e+01
1.355338834708677211e+02,1.580189799357082059e+01,2.212697647446719174e+01
1.355838959739934921e+02,1.536571195616018670e+01,2.228015085300299347e+01
1.356339084771192915e+02,1.493014834641860311e+01,2.242656540652980368e+01
1.356839209802450625e+02,1.449570847217666092e+01,2.256589252403224322e+01
1.357339334833708619e+02,1.406290619363047867e+01,2.269780925835100049e+01
1.357839459864966329e+02,1.363226540997901282e+01,2.282200026473628185e+01
1.358339584896224039e+02,1.320431747739149486e+01,2.293815978186147220e+01
1.358839709927482033e+02,1.277959808706048506e+01,2.304599410592778241e+01
1.359339834958739743e+02,1.235864658575969877e+01,2.314522210860651086e+01
1.359839959989997453e+02,1.194200206011221788e+01,2.323557839385935253e+01
1.360340085021255447e+02,1.153019993813058264e+01,2.331681553580645527e+01
1.360840210052513157e+02,1.112376776799210454e+01,2.338870661135310058e+01
1.361340335083770867e+02,1.072322409388925202e+01,2.345104588261491330e+01
1.361840460115028861e+02,1.032907370158770810e+01,2.350365177764513547e+01
1.362340585146286571e+02,9.941803553706652252e+00,2.354636888561566010e+01
1.362840710177544565e+02,9.561879129329900806e+00,2.357906961100065857e+01
1.363340835208802275e+02,9.189742627848765721e+00,2.360165498737465839e+01
1.363840960240059985e+02,8.825808229996855658e+00,2.361405688937655967e+01
1.364341085271317979e+02,8.470458623786475627e+00,2.361623887478718942e+01
1.364841210302575689e+02,8.124043081047881643e+00,2.360819668495325629e+01
1.365341335333833399e+02,7.786874931038157754e+00,2.358995887737365393e+01
1.365841460365091393e+02,7.459228710420589437e+00,2.356158719986298777e+01
1.366341585396349103e+02,7.141338647090952563e+00,2.352317593483030223e+01
1.366841710427607097e+02,6.833398046508090573e+00,2.347485163016527920e+01
1.367341835458864807e+02,6.535557612477418843e+00,2.341677251113860692e+01
1.367841960490122517e+02,6.247925744557506711e+00,2.334912657252234069e+01
1.368342085521380511e+02,5.970568879700614673e+00,2.327213037171480892e+01
1.368842210552638221e+02,5.703511893426902013e+00,2.318602758215561011e+01
1.369342335583895931e+02,5.446738999542030335e+00,2.309108685446771503e+01
1.369842460615153925e+02,5.200196776437600477e+00,2.298759841168370244e+01
1.370342585646411635e+02,4.963794977489826898e+00,2.287587311604531237e+01
1.370842710677669345e+02,4.737408791092746263e+00,2.275623955706745960e+01
1.371342835708927339e+02,4.520882055730308657e+00,2.262904091625794933e+01
1.371842960740185049e+02,4.314031036648477091e+00,2.249463180461387424e+01
1.372343085771443043e+02,4.116645500040531758e+00,2.235337726534775982e+01
1.372843210802700753e+02,3.928492760415505547e+00,2.220564896302121483e+01
1.373343335833958463e+02,3.749321423478201520e+00,2.205182247366244042e+01
1.373843460865216457e+02,3.578863872220073628e+00,2.189227545822868493e+01
1.374343585896474167e+02,3.416838993126925406e+00,2.172738540393140028e+01
1.374843710927731877e+02,3.262955832883174256e+00,2.155752702395993126e+01
1.375343835958989871e+02,3.116916298875987756e+00,2.138307058560680929e+01
1.375843960990247581e+02,2.978417073448580421e+00,2.120438049585959206e+01
1.376344086021505575e+02,2.847152615374853646e+00,2.102181330089788602e+01
1.376844211052763285e+02,2.722817420049219894e+00,2.083571651346668219e+01
1.377344336084020995e+02,2.605107419886637299e+00,2.064642771133757648e+01
1.377844461115278989e+02,2.493722104432381403e+00,2.045427329798989646e+01
1.378344586146536699e+02,2.388366081644029748e+00,2.025956788469649794e+01
1.378844711177794409e+02,2.288750021555432834e+00,2.006261378720473942e+01
1.379344836209052403e+02,2.194591981969491457e+00,1.986370043916131678e+01
1.379844961240310113e+02,2.105618301115109947e+00,1.966310424456375472e+01
1.380345086271567823e+02,2.021564121627448696e+00,1.946108840024692199e+01
1.380845211302825817e+02,1.942174064388398458e+00,1.925790280385246689e+01
1.381345336334083527e+02,1.867202612354325053e+00,1.905378423714920189e+01
1.381845461365341521e+02,1.796414292507721555e+00,1.884895643313395297e+01
1.382345586396599231e+02,1.729583866959071958e+00,1.864363030320688708e+01
1.382845711427856941e+02,1.666496362406690412e+00,1.843800434976484937e+01
1.383345836459114935e+02,1.606947019691337575e+00,1.823226488284473845e+01
1.383845961490372645e+02,1.550741181231545696e+00,1.802658638939617930e+01
1.384346086521630355e+02,1.497694044670556224e+00,1.782113214608628482e+01
1.384846211552888349e+02,1.447630525697158888e+00,1.761605446709822687e+01
1.385346336584146059e+02,1.400384967409468606e+00,1.741149512947417932e+01
1.385846461615404053e+02,1.355800734284525522e+00,1.720758603122976993e+01
1.386346586646661763e+02,1.313729953274449302e+00,1.700444960029953023e+01
1.386846711677919473e+02,1.274033233107558782e+00,1.680219913337659321e+01
1.387346836709177467e+02,1.236579302638358024e+00,1.660093923636168256e+01
1.387846961740435177e+02,1.201244451406139113e+00,1.640076658388816355e+01
1.388347086771692886e+02,1.167912340611563238e+00,1.620177016707672379e+01
1.388847211802950881e+02,1.136473738004764700e+00,1.600403158329506326e+01
1.389347336834208591e+02,1.106826017689303665e+00,1.580762560176840381e+01
1.389847461865466300e+02,1.078872761182702700e+00,1.561262067104470752e+01
1.390347586896724295e+02,1.052523524528123255e+00,1.541907919099659452e+01
1.390847711927982004e+02,1.027693571449954435e+00,1.522705779890294586e+01
1.391347836959239999e+02,1.004303472185442692e+00,1.503660781478968822e+01
1.391847961990497708e+02,9.822787333412228428e-01,1.484777567556851885e+01
1.392348087021755418e+02,9.615496501198920187e-01,1.466060309951628327e+01
1.392848212053013413e+02,9.420510029984322520e-01,1.447512741072082498e+01
1.393348337084271122e+02,9.237217511714341800e-01,1.429138188128585263e+01
1.393848462115528832e+02,9.065047558920510395e-01,1.410939604129611347e+01
1.394348587146786826e+02,8.903466651614360128e-01,1.392919580307446203e+01
1.394848712178044536e+02,8.751976237517825608e-01,1.375080377447370594e+01
1.395348837209302246e+02,8.610110284357522792e-01,1.357423953086973256e+01
1.395848962240560240e+02,8.477433798989802982e-01,1.339951977683761086e+01
1.396349087271817950e+02,8.353541233738963623e-01,1.322665851883409260e+01
1.396849212303075944e+02,8.238054411716280168e-01,1.305566729313389018e+01
1.397349337334333654e+02,8.130620515600264220e-01,1.288655538548807833e+01
1.397849462365591364e+02,8.030911402920937192e-01,1.271932990566114619e+01
1.398349587396849358e+02,7.938621861965947657e-01,1.255399598037879549e+01
1.398849712428107068e+02,7.853468062665051042e-01,1.239055692410774512e+01
1.399349837459364778e+02,7.775186343367577191e-01,1.222901437073298681e+01
1.399849962490622772e+02,7.703532519874496387e-01,1.206936835100266592e+01
1.400350087521880482e+02,7.638280530118821687e-01,1.191161744665060951e+01
1.400850212553138476e+02,7.579221156596459563e-01,1.175575893047697917e+01
1.401350337584396186e+02,7.526161438352138022e-01,1.160178883078786605e+01
1.401850462615653896e+02,7.478923890295687826e-01,1.144970202243928803e+01
1.402350587646911890e+02,7.437345577883660575e-01,1.129949233506056672e+01
1.402850712678169600e+02,7.401277097428545781e-01,1.115115266579535280e+01
1.403350837709427310e+02,7.370582298252371656e-01,1.100467501071621079e+01
1.403850962740685304e+02,7.345137574640715483e-01,1.086005055179544598e+01
1.404351087771943014e+02,7.324831223552685788e-01,1.071726973468549460e+01
1.404851212803200724e+02,7.309562686054568159e-01,1.057632235489330519e+01
1.405351337834458718e+02,7.299242391667219998e-01,1.043719757629327560e+01
1.405851462865716428e+02,7.293791214055600491e-01,1.029988400306052476e+01
1.406351587896974422e+02,7.293140035434859669e-01,1.016436973626010953e+01
1.406851712928232132e+02,7.297229172680670395e-01,1.003064244263852878e+01
1.407351837959489842e+02,7.306008274917279444e-01,9.898689367424896801e+00
1.407851962990747836e+02,7.319435979093427136e-01,9.768497385140856082e+00
1.408352088022005546e+02,7.337479609344388365e-01,9.640053044656511361e+00
1.408852213053263256e+02,7.360114768378741568e-01,9.513342623479481119e+00
1.409352338084521250e+02,7.387325216096030100e-01,9.388352144407384969e+00
1.409852463115778960e+02,7.419102758541846754e-01,9.265067395537167627e+00
1.410352588147036954e+02,7.455446966396479525e-01,9.143473982010235090e+00
1.410852713178294664e+02,7.496365017315820278e-01,9.023557352304669266e+00
1.411352838209552374e+02,7.541871502546447781e-01,8.905302831456419099e+00
1.411852963240810368e+02,7.591988421398004894e-01,8.788695622402387997e+00
1.412353088272068078e+02,7.646745054241161910e-01,8.673720842381879237e+00
1.412853213303325788e+02,7.706177876589868081e-01,8.560363544362411758e+00
1.413353338334583782e+02,7.770330472445159398e-01,8.448608748158761728e+00
1.413853463365841492e+02,7.839253495325346766e-01,8.338441453326902675e+00
1.414353588397099202e+02,7.913004669099740207e-01,8.229846640018037007e+00
1.414853713428357196e+02,7.991648784849978426e-01,8.122809301344991795e+00
1.415353838459614906e+02,8.075257650836743517e-01,8.017314455766683778e+00
1.415853963490872900e+02,8.163910184850912133e-01,7.913347170043326884e+00
1.416354088522130610e+02,8.257692438575626737e-01,7.810892570220642206e+00
1.416854213553388320e+02,8.356697597586640880e-01,7.709935841629439679e+00
1.417354338584646314e+02,8.461026063200450809e-01,7.610462240095930753e+00
1.417854463615904024e+02,8.570785523388650962e-01,7.512457122287071520e+00
1.418354588647161734e+02,8.686090986938808101e-01,7.415905942515311544e+00
1.418854713678419728e+02,8.807065100381563649e-01,7.320794274519618838e+00
1.419354838709677438e+02,8.933838157105080668e-01,7.227107812312024038e+00
1.419854963740935432e+02,9.066548097355540126e-01,7.134832370177243810e+00
1.420355088772193142e+02,9.205340689567427237e-01,7.043953891819244362e+00
1.420855213803450852e+02,9.350369772898562415e-01,6.954458478373996222e+00
1.421355338834708846e+02,9.501797143134940171e-01,6.866332378469989450e+00
1.421855463865966556e+02,9.659793242851584250e-01,6.779562005494580212e+00
1.422355588897224266e+02,9.824537190043667323e-01,6.694133938605899559e+00
1.422855713928482260e+02,9.996216778126282287e-01,6.610034922733008855e+00
1.423355838959739970e+02,1.017502849302292178e+00,6.527251869056699185e+00
1.423855963990997680e+02,1.036117815762951810e+00,6.445771878102803498e+00
1.424356089022255674e+02,1.055488082741994571e+00,6.365582241875953784e+00
1.424856214053513384e+02,1.075636133407390727e+00,6.286670443024870991e+00
1.425356339084771378e+02,1.096585459538625296e+00,6.209024160860869834e+00
1.425856464116029088e+02,1.118360561526606567e+00,6.132631271358218505e+00
1.426356589147286797e+02,1.140986962056933729e+00,6.057479849346906420e+00
1.426856714178544792e+02,1.164491267267196539e+00,5.983558184047701900e+00
1.427356839209802502e+02,1.188901154897989088e+00,5.910854776295733082e+00
1.427856964241060211e+02,1.214245466283067509e+00,5.839358343169020138e+00
1.428357089272318206e+02,1.240554216056391157e+00,5.769057818978533980e+00
1.428857214303575915e+02,1.267858592152073971e+00,5.699942355268310834e+00
1.429357339334833910e+02,1.296190995727756867e+00,5.632001326548596865e+00
1.429857464366091619e+02,1.325585085725924595e+00,5.565224340312904694e+00
1.430357589397349329e+02,1.356075811385113461e+00,5.499601232857452615e+00
1.430857714428607323e+02,1.387699476645838370e+00,5.435122073100918882e+00
1.431357839459865033e+02,1.420493740494379598e+00,5.371777162619363111e+00
1.431857964491122743e+02,1.454497640590602492e+00,5.309557038264756557e+00
1.432358089522380737e+02,1.489751649742695028e+00,5.248452480694231426e+00
1.432858214553638447e+02,1.526297707055741748e+00,5.188454512153630738e+00
1.433358339584896157e+02,1.564179285014282161e+00,5.129554399015654020e+00
1.433858464616154151e+02,1.603441391415948214e+00,5.071743651921273965e+00
1.434358589647411861e+02,1.644130607299540303e+00,5.015014029642694382e+00
1.434858714678669855e+02,1.686295119440152757e+00,4.959357543163421589e+00
1.435358839709927565e+02,1.729984785066132069e+00,4.904766455597970420e+00
1.435858964741185275e+02,1.775251165851752688e+00,4.851233283584529765e+00
1.436359089772443269e+02,1.822147537867838007e+00,4.798750798160072328e+00
1.436859214803700979e+02,1.870728933876715239e+00,4.747312029560801783e+00
1.437359339834958689e+02,1.921052179634875845e+00,4.696910267430816965e+00
1.437859464866216683e+02,1.973175951178302245e+00,4.647539062487688000e+00
1.438359589897474393e+02,2.027160781219651930e+00,4.599192226988463084e+00
1.438859714928732387e+02,2.083069087133377018e+00,4.551863838054768685e+00
1.439359839959990097e+02,2.140965197120646923e+00,4.505548238618810153e+00
1.439859964991247807e+02,2.200915403161324502e+00,4.460240039049010896e+00
1.440360090022505801e+02,2.262987968633552338e+00,4.415934117682052573e+00
1.440860215053763511e+02,2.327253139775443458e+00,4.372625623106221049e+00
1.441360340085021221e+02,2.393783160622696915e+00,4.330309975010273149e+00
1.441860465116279215e+02,2.462652309732901834e+00,4.288982865985738968e+00
1.442360590147536925e+02,2.533936904223544229e+00,4.248640262081348595e+00
1.442860715178794635e+02,2.607715289745786258e+00,4.209278404203605994e+00
1.443360840210052629e+02,2.684067840234150459e+00,4.170893808724943419e+00
1.443860965241310339e+02,2.763076970331667770e+00,4.133483269435837215e+00
1.444361090272568333e+02,2.844827129125607090e+00,4.097043858003093675e+00
1.444861215303826043e+02,2.929404758430283806e+00,4.061572924228902259e+00
1.445361340335083753e+02,3.016898270247769798e+00,4.027068096893257731e+00
1.445861465366341747e+02,3.107398032028886536e+00,3.993527285553331030e+00
1.446361590397599457e+02,3.200996334873193572e+00,3.960948680661636079e+00
1.446861715428857167e+02,3.297787313517209995e+00,3.929330752420390205e+00
1.447361840460115161e+02,3.397866885255937497e+00,3.898672252589056253e+00
1.447861965491372871e+02,3.501332715974365239e+00,3.868972215667625836e+00
1.448362090522630581e+02,3.608284130040361859e+00,3.840229957870469502e+00
1.448862215553888575e+02,3.718821994005891529e+00,3.812445075482684409e+00
1.449362340585146285e+02,3.833048599332634865e+00,3.785617447480206899e+00
1.449862465616404279e+02,3.951067612477196178e+00,3.759747235782754604e+00
1.450362590647661989e+02,4.072983897034514911e+00,3.734834882016759394e+00
1.450862715678919699e+02,4.198903340565565578e+00,3.710881107359741193e+00
1.451362840710177693e+02,4.328932708187428702e+00,3.687886914817315454e+00
1.451862965741435403e+02,4.463179524632498563e+00,3.665853587921135581e+00
1.452363090772693113e+02,4.601751818284466111e+00,3.644782685622214746e+00
1.452863215803951107e+02,4.744757853159525141e+00,3.624676044649810969e+00
1.453363340835208817e+02,4.892305995930515294e+00,3.605535780525638501e+00
1.453863465866466811e+02,5.044504453918465359e+00,3.587364283121180719e+00
1.454363590897724521e+02,5.201460954261108327e+00,3.570164212700213113e+00
1.454863715928982231e+02,5.363282387894004799e+00,3.553938503299028273e+00
1.455363840960240225e+02,5.530074672153960869e+00,3.538690362093342312e+00
1.455863965991497935e+02,5.701942325552432855e+00,3.524423261182148437e+00
1.456364091022755645e+02,5.878988039891934747e+00,3.511140937464207745e+00
1.456864216054013639e+02,6.061312332193101504e+00,3.498847395259243154e+00
1.457364341085271349e+02,6.249013281781162554e+00,3.487546903018611033e+00
1.457864466116529059e+02,6.442186017782206342e+00,3.477243983295397634e+00
1.458364591147787053e+02,6.640922127962705979e+00,3.467943416467669682e+00
1.458864716179044763e+02,6.845309386886127889e+00,3.459650241988618813e+00
1.459364841210302757e+02,7.055431295487169407e+00,3.452369751302342582e+00
1.459864966241560467e+02,7.271366523139019655e+00,3.446107479111734317e+00
1.460365091272818177e+02,7.493188176522294519e+00,3.440869209066759637e+00
1.460865216304076171e+02,7.720963592784044316e+00,3.436660974041244820e+00
1.461365341335333881e+02,7.954753709774566417e+00,3.433489045491589398e+00
1.461865466366591590e+02,8.194612461529844794e+00,3.431359926810626959e+00
1.462365591397849585e+02,8.440585972619668809e+00,3.430280360206913848e+00
1.462865716429107295e+02,8.692712383187750191e+00,3.430257326644730487e+00
1.463365841460365289e+02,8.951021125609068818e+00,3.431298033282977666e+00
1.463865966491622999e+02,9.215532330538565020e+00,3.433409906597041594e+00
1.464366091522880708e+02,9.486255946413301388e+00,3.436600601306458280e+00
1.464866216554138703e+02,9.763191593705991878e+00,3.440878000784287849e+00
1.465366341585396412e+02,1.004632788944817179e+01,3.446250206517355252e+00
1.465866466616654122e+02,1.033564191320421344e+01,3.452725524561214065e+00
1.466366591647912117e+02,1.063109831809770789e+01,3.460312478424465876e+00
1.466866716679169826e+02,1.093264908936370894e+01,3.469019810874244492e+00
1.467366841710427536e+02,1.124023329046222131e+01,3.478856481155373714e+00
1.467866966741685530e+02,1.155377629697322206e+01,3.489831642364408459e+00
1.468367091772943240e+02,1.187318944587537750e+01,3.501954648798185854e+00
1.468867216804201234e+02,1.219836946002651246e+01,3.515235066725026059e+00
1.469367341835458944e+02,1.252919843257517130e+01,3.529682674468868964e+00
1.469867466866716654e+02,1.286554360427975752e+01,3.545307457719857336e+00
1.470367591897974648e+02,1.320725679539872566e+01,3.562119582831090980e+00
1.470867716929232358e+02,1.355417444372798030e+01,3.580129413274331096e+00
1.471367841960490068e+02,1.390611748857021901e+01,3.599347520974875980e+00
1.471867966991748062e+02,1.426289136950950187e+01,3.619784686328861412e+00
1.472368092023005772e+02,1.462428608936446572e+01,3.641451896347961181e+00
1.472868217054263766e+02,1.499007622170859122e+01,3.664360320220531264e+00
1.473368342085521476e+02,1.536002095659772948e+01,3.688521316304640418e+00
1.473868467116779186e+02,1.573386499195313348e+01,3.713946450825812651e+00
1.474368592148037180e+02,1.611133859935419821e+01,3.740647498283357741e+00
1.474868717179294890e+02,1.649215766757830082e+01,3.768636441226537848e+00
1.475368842210552600e+02,1.687602467186437138e+01,3.797925456282413847e+00
1.475868967241810594e+02,1.726262870320486442e+01,3.828526908871421330e+00
1.476369092273068304e+02,1.765164714530276768e+01,3.860453373925012421e+00
1.476869217304326014e+02,1.804274618114621020e+01,3.893717637423489641e+00
1.477369342335584008e+02,1.843558082708273460e+01,3.928332696337943464e+00
1.477869467366841718e+02,1.882979641078547672e+01,3.964311751006533768e+00
1.478369592398099712e+02,1.922502901737408365e+01,4.001668200063120295e+00
1.478869717429357422e+02,1.962090759551300678e+01,4.040415655530450678e+00
1.479369842460615132e+02,2.001705479301075741e+01,4.080567944515109069e+00
1.479869967491873126e+02,2.041308701641891332e+01,4.122139109137412660e+00
1.480370092523130836e+02,2.080861632919550530e+01,4.165143401514225907e+00
1.480870217554388546e+02,2.120325106479137389e+01,4.209595282303541630e+00
1.481370342585646540e+02,2.159659826669245319e+01,4.255509428876176337e+00
1.481870467616904250e+02,2.198826454739866776e+01,4.302900735889994444e+00
1.482370592648162244e+02,2.237785615759655045e+01,4.351784315173166107e+00
1.482870717679419954e+02,2.276498105099572555e+01,4.402175491923592254e+00
1.483370842710677664e+02,2.314924953456581136e+01,4.454089805868087559e+00
1.483870967741935658e+02,2.353027659312452613e+01,4.507543011523196697e+00
1.484371092773193368e+02,2.390768271758643948e+01,4.562551077234618724e+00
1.484871217804451078e+02,2.428109393044437425e+01,4.619130185082165774e+00
1.485371342835709072e+02,2.465014351335887710e+01,4.677296726513383796e+00
1.485871467866966782e+02,2.501447280318034672e+01,4.737067305351438051e+00
1.486371592898224492e+02,2.537373276600810712e+01,4.798458729492709018e+00
1.486871717929482486e+02,2.572758485508705562e+01,4.861488006860925637e+00
1.487371842960740196e+02,2.607570101080707303e+01,4.926172345407045405e+00
1.487871967991998190e+02,2.641776451873779763e+01,4.992529147194804118e+00
1.488372093023255900e+02,2.675347114407022886e+01,5.060576010118762014e+00
1.488872218054513610e+02,2.708252951148417509e+01,5.130330715254611817e+00
1.489372343085771604e+02,2.740466190078848996e+01,5.201811213989834037e+00
1.489872468117029314e+02,2.771960424778201926e+01,5.275035628013798217e+00
1.490372593148287024e+02,2.802710628882120503e+01,5.350022243969300817e+00
1.490872718179545018e+02,2.832693234295561879e+01,5.426789504894525606e+00
1.491372843210802728e+02,2.861886121640974423e+01,5.505356005681268705e+00
1.491872968242060722e+02,2.890268631748883621e+01,5.585740460532151452e+00
1.492373093273318432e+02,2.917821567518081949e+01,5.667961701362859372e+00
1.492873218304576142e+02,2.944527192268775195e+01,5.752038676492822411e+00
1.493373343335834136e+02,2.970369204216362036e+01,5.837990424406205747e+00
1.493873468367091846e+02,2.995332761745734018e+01,5.925836086614758358e+00
1.494373593398349556e+02,3.019404397160807818e+01,6.015594854010923420e+00
1.494873718429607550e+02,3.042571991904609874e+01,6.107285949563509675e+00
1.495373843460865260e+02,3.064824776559238728e+01,6.200928628317525337e+00
1.495873968492122970e+02,3.086153307388145706e+01,6.296542165839915661e+00
1.496374093523380964e+02,3.106549366636666676e+01,6.394145817427324907e+00
1.496874218554638674e+02,3.126006002384680826e+01,6.493758841650940639e+00
1.497374343585896668e+02,3.144517352355734729e+01,6.595400402491709890e+00
1.497874468617154378e+02,3.162078624082766964e+01,6.699089558830424451e+00
1.498374593648412088e+02,3.178686094908185211e+01,6.804845264448122322e+00
1.498874718679670082e+02,3.194337098936269825e+01,6.912686359876618170e+00
1.499374843710927792e+02,3.209029824725422486e+01,7.022631466137235101e+00
1.499874968742185501e+02,3.222763460675398051e+01,7.134699107038396271e+00
1.500375093773443496e+02,3.235537960042110228e+01,7.248907529280593565e+00
1.500875218804701205e+02,3.247353954787092789e+01,7.365274643227274431e+00
1.501375343835958915e+02,3.258212755577544328e+01,7.483818022905231793e+00
1.501875468867216910e+02,3.268116351786298424e+01,7.604554906004411308e+00
1.502375593898474619e+02,3.277067411491817239e+01,7.727502193877706205e+00
1.502875718929732614e+02,3.285069140089902362e+01,7.852676343219880728e+00
1.503375843960990323e+02,3.292125137442915417e+01,7.980093295892533689e+00
1.503875968992248033e+02,3.298239487858745633e+01,8.109768493860027405e+00
1.504376094023506027e+02,3.303416596738696853e+01,8.241716711249059912e+00
1.504876219054763737e+02,3.307661189212564068e+01,8.375952053152742494e+00
1.505376344086021447e+02,3.310978310138652603e+01,8.512487955631060643e+00
1.505876469117279441e+02,3.313373293140872988e+01,8.651337137043993764e+00
1.506376594148537151e+02,3.314851615988906275e+01,8.792511424996883207e+00
1.506876719179795145e+02,3.315418958803823557e+01,8.936021840263300930e+00
1.507376844211052855e+02,3.315081090554961918e+01,9.081878332720556557e+00
1.507876969242310565e+02,3.313843855713943753e+01,9.230089756173388338e+00
1.508377094273568559e+02,3.311713174254676062e+01,9.380663868353719792e+00
1.508877219304826269e+02,3.308695037787443027e+01,9.533607317149289884e+00
1.509377344336083979e+02,3.304795419120402045e+01,9.688925378688445278e+00
1.509877469367341973e+02,3.300020281284211876e+01,9.846622049764732765e+00
1.510377594398599683e+02,3.294375542026626391e+01,1.000669977336427507e+01
1.510877719429857393e+02,3.287867050772614164e+01,1.016915933532460947e+01
1.511377844461115387e+02,3.280500588624357761e+01,1.033399986433442130e+01
1.511877969492373097e+02,3.272281867802524147e+01,1.050121882490068614e+01
1.512378094523631091e+02,3.263216498309835600e+01,1.067081171445843069e+01
1.512878219554888801e+02,3.253309978235630240e+01,1.084277212384358258e+01
1.513378344586146511e+02,3.242567695214709289e+01,1.101709143988996509e+01
1.513878469617404505e+02,3.230994917840533986e+01,1.119375867667437419e+01
1.514378594648662215e+02,3.218596795665249033e+01,1.137276047551628899e+01
1.514878719679919925e+02,3.205378359373402475e+01,1.155408109927687121e+01
1.515378844711177919e+02,3.191344526748523691e+01,1.173770206417204243e+01
1.515878969742435629e+02,3.176500092007006870e+01,1.192360218370884972e+01
1.516379094773693623e+02,3.160849751046801970e+01,1.211175722561323198e+01
1.516879219804951333e+02,3.144398111608807866e+01,1.230213968125411306e+01
1.517379344836209043e+02,3.127149693276810893e+01,1.249471876564415851e+01
1.517879469867467037e+02,3.109108927939469780e+01,1.268946041262717905e+01
1.518379594898724747e+02,3.090280199310139864e+01,1.288632683058056649e+01
1.518879719929982457e+02,3.070667834889315628e+01,1.308527652105309969e+01
1.519379844961240451e+02,3.050276151500029442e+01,1.328626389576066558e+01
1.519879969992498161e+02,3.029109485952652392e+01,1.348923897821445017e+01
1.520380095023755871e+02,3.007172195044822516e+01,1.369414740372163664e+01
1.520880220055013865e+02,2.984468656093045169e+01,1.390093041569022780e+01
1.521380345086271575e+02,2.961003338008709918e+01,1.410952435113889258e+01
1.521880470117529569e+02,2.936780798552661764e+01,1.431986061103669350e+01
1.522380595148787279e+02,2.911805748683992690e+01,1.453186526436468284e+01
1.522880720180044989e+02,2.886083106840358425e+01,1.474545868436845630e+01
1.523380845211302983e+02,2.859617998938018602e+01,1.496055554855780478e+01
1.523880970242560693e+02,2.832415758874424938e+01,1.517706483612273161e+01
1.524381095273818403e+02,2.804482031536589304e+01,1.539488926992089191e+01
1.524881220305076397e+02,2.775822778149760950e+01,1.561392521315584503e+01
1.525381345336334107e+02,2.746444358984833656e+01,1.583406231029967515e+01
1.525881470367592101e+02,2.716353615032550195e+01,1.605518308665866556e+01
1.526381595398849811e+02,2.685557868003636983e+01,1.627716294837229327e+01
1.526881720430107521e+02,2.654064920587546794e+01,1.649987018149655071e+01
1.527381845461365515e+02,2.621883189466532471e+01,1.672316542907277181e+01
1.527881970492623225e+02,2.589021727704253806e+01,1.694690146171177503e+01
1.528382095523880935e+02,2.555490316196973666e+01,1.717092297411452151e+01
1.528882220555138929e+02,2.521299579241230759e+01,1.739506621465173097e+01
1.529382345586396639e+02,2.486460984533898610e+01,1.761915898536349090e+01
1.529882470617654349e+02,2.450986843172071161e+01,1.784302064196002746e+01
1.530382595648912343e+02,2.414890447656727090e+01,1.806646179502228122e+01
1.530882720680170053e+02,2.378186156906108195e+01,1.828928384822367548e+01
1.531382845711428047e+02,2.340889442608425597e+01,1.851127915172099492e+01
1.531882970742685757e+02,2.303017051585705488e+01,1.873223085272584854e+01
1.532383095773943467e+02,2.264587005970630429e+01,1.895191289523857847e+01
1.532883220805201461e+02,2.225618603206601165e+01,1.917009002004788698e+01
1.533383345836459171e+02,2.186132502182204718e+01,1.938651778829980188e+01
1.533883470867716881e+02,2.146150934885172745e+01,1.960094232193266350e+01
1.534383595898974875e+02,2.105697659410369482e+01,1.981310064842608298e+01
1.534883720930232585e+02,2.064798091483341835e+01,2.002272116444786931e+01
1.535383845961490579e+02,2.023479308780726882e+01,2.022952364272824610e+01
1.535883970992748289e+02,1.981770062659675702e+01,2.043321935725704463e+01
1.536384096024005999e+02,1.939700918415007891e+01,2.063351169233727944e+01
1.536884221055263993e+02,1.897304274885908626e+01,2.083009605950397258e+01
1.537384346086521703e+02,1.854614377206601361e+01,2.102266164400842285e+01
1.537884471117779412e+02,1.811667325392728856e+01,2.121089162549369433e+01
1.538384596149037407e+02,1.768501073751834340e+01,2.139446320122791789e+01
1.538884721180295116e+02,1.725155430932679934e+01,2.157304904845876692e+01
1.539384846211552826e+02,1.681672109710298102e+01,2.174631782477885977e+01
1.539884971242810821e+02,1.638094562342507032e+01,2.191393639173509200e+01
1.540385096274068530e+02,1.594467933316587782e+01,2.207557079708249503e+01
1.540885221305326525e+02,1.550839047232566337e+01,2.223088643285783661e+01
1.541385346336584234e+02,1.507256264447189409e+01,2.237955039685389735e+01
1.541885471367841944e+02,1.463769398652891063e+01,2.252123273657450753e+01
1.542385596399099938e+02,1.420429393181293953e+01,2.265560943654856985e+01
1.542885721430357648e+02,1.377288264607571655e+01,2.278236301921375784e+01
1.543385846461615358e+02,1.334398938882404906e+01,2.290118406174090993e+01
1.543885971492873352e+02,1.291814979556668774e+01,2.301177396740096981e+01
1.544386096524131062e+02,1.249590209700797949e+01,2.311384753772508915e+01
1.544886221555389056e+02,1.207778483109437317e+01,2.320713466498782651e+01
1.545386346586646766e+02,1.166433519471806157e+01,2.329138148761095906e+01
1.545886471617904476e+02,1.125608468434508680e+01,2.336635361936886568e+01
1.546386596649162470e+02,1.085355487215578130e+01,2.343183843703730318e+01
1.546886721680420180e+02,1.045725455305495188e+01,2.348764670109978780e+01
1.547386846711677890e+02,1.006767732258492920e+01,2.353361389622199340e+01
1.547886971742935884e+02,9.685296905519839683e+00,2.356960287442600688e+01
1.548387096774193594e+02,9.310562803981724755e+00,2.359550551199404467e+01
1.548887221805451304e+02,8.943898373700784887e+00,2.361124349852932269e+01
1.549387346836709298e+02,8.585697484686908965e+00,2.361676969697344219e+01
1.549887471867967008e+02,8.236320820025612832e+00,2.361206934661737122e+01
1.550387596899225002e+02,7.896093128491394886e+00,2.359716034644942440e+01
1.550887721930482712e+02,7.565302132883334529e+00,2.357209338285698763e+01
1.551387846961740422e+02,7.244195558075523067e+00,2.353695233400877029e+01
1.551887971992998416e+02,6.932979940702148625e+00,2.349185332718063535e+01
1.552388097024256126e+02,6.631820060670910344e+00,2.343694407562738036e+01
1.552888222055513836e+02,6.340838321268825517e+00,2.337240307752244561e+01
1.553388347086771830e+02,6.060114456358983048e+00,2.329843814383969303e+01
1.553888472118029540e+02,5.789686963519756979e+00,2.321528388468867021e+01
1.554388597149287250e+02,5.529553664732335783e+00,2.312320075844059986e+01
1.554888722180545244e+02,5.279672632528691345e+00,2.302247285912025632e+01
1.555388847211802954e+02,5.039965108348360978e+00,2.291340467305908746e+01
1.555888972243060948e+02,4.810318105942354983e+00,2.279631847919342746e+01
1.556389097274318658e+02,4.590585485993651460e+00,2.267155320546467578e+01
1.556889222305576368e+02,4.380591375793275510e+00,2.253946064868655341e+01
1.557389347336834362e+02,4.180134059015271575e+00,2.240040240696701446e+01
1.557889472368092072e+02,3.988988399709918919e+00,2.225474790917021295e+01
1.558389597399349782e+02,3.806908396761410351e+00,2.210287211692930498e+01
1.558889722430607776e+02,3.633631112152745146e+00,2.194515235399489583e+01
1.559389847461865486e+02,3.468879990333466612e+00,2.178196607492022352e+01
1.559889972493123480e+02,3.312366879295267186e+00,2.161368929752523727e+01
1.560390097524381190e+02,3.163795359624894665e+00,2.144069409821758398e+01
1.560890222555638900e+02,3.022863903017806386e+00,2.126334672756705046e+01
1.561390347586896894e+02,2.889267411686454068e+00,2.108200657485870266e+01
1.561890472618154604e+02,2.762699902474087033e+00,2.089702432174660629e+01
1.562390597649412314e+02,2.642856834956964107e+00,2.070874077468939944e+01
1.562890722680670308e+02,2.529436346258370438e+00,2.051748616302250738e+01
1.563390847711928018e+02,2.422141073095189778e+00,2.032357904746839594e+01
1.563890972743185728e+02,2.320679693351856532e+00,2.012732575592546880e+01
1.564391097774443722e+02,2.224767726959178127e+00,1.992902003577608383e+01
1.564891222805701432e+02,2.134128638005438283e+00,1.972894255289464027e+01
1.565391347836959426e+02,2.048494687114242652e+00,1.952736081790367706e+01
1.565891472868217136e+02,1.967607334509428485e+00,1.932452912366829523e+01
1.566391597899474846e+02,1.891217767570531061e+00,1.912068847811492489e+01
1.566891722930732840e+02,1.819087227534265772e+00,1.891606687773289153e+01
1.567391847961990550e+02,1.750987116652230391e+00,1.871087944196844077e+01
1.567891972993248260e+02,1.686699107192664915e+00,1.850532862060590844e+01
1.568392098024506254e+02,1.626015093220298358e+00,1.829960470299629449e+01
1.568892223055763964e+02,1.568737122971730402e+00,1.809388605770863734e+01
1.569392348087021958e+02,1.514677236329222687e+00,1.788833948636482418e+01
1.569892473118279668e+02,1.463657170308196864e+00,1.768312084635620351e+01
1.570392598149537378e+02,1.415508176200028112e+00,1.747837540278870705e+01
1.570892723180795372e+02,1.370070737600124655e+00,1.727423820558611567e+01
1.571392848212053082e+02,1.327194220351451515e+00,1.707083459665433622e+01
1.571892973243310792e+02,1.286736406975954150e+00,1.686828090839417627e+01
1.572393098274568786e+02,1.248563376564476135e+00,1.666668462038848375e+01
1.572893223305826496e+02,1.212549047948034309e+00,1.646614488443666602e+01
1.573393348337084205e+02,1.178574798090469500e+00,1.626675301927016193e+01
1.573893473368342200e+02,1.146528977030115026e+00,1.606859313538929612e+01
1.574393598399599909e+02,1.116306825617641385e+00,1.587174223028163844e+01
1.574893723430857904e+02,1.087809992046393059e+00,1.567627071269945205e+01
1.575393848462115614e+02,1.060946167889582847e+00,1.548224284182993848e+01
1.575893973493373323e+02,1.035628694028816854e+00,1.528971719721758049e+01
1.576394098524631318e+02,1.011776436861673734e+00,1.509874681433072752e+01
1.576894223555889027e+02,9.893133753842854317e-01,1.490937962892079582e+01
1.577394348587146737e+02,9.681682754440820160e-01,1.472165885395605400e+01
1.577894473618404731e+02,9.482744209788488421e-01,1.453562328382003344e+01
1.578394598649662441e+02,9.295694473141659087e-01,1.435130747282238239e+01
1.578894723680920436e+02,9.119950172726621895e-01,1.416874208660932055e+01
1.579394848712178145e+02,8.954965291348843115e-01,1.398795423036210295e+01
1.579894973743435855e+02,8.800229841115495555e-01,1.380896759390237705e+01
1.580395098774693849e+02,8.655267659299608063e-01,1.363180268894976876e+01
1.580895223805951559e+02,8.519634034169597525e-01,1.345647711043662298e+01
1.581395348837209269e+02,8.392913577630424227e-01,1.328300576978223013e+01
1.581895473868467263e+02,8.274719358438550332e-01,1.311140098892203198e+01
1.582395598899724973e+02,8.164690756994819054e-01,1.294167273520084294e+01
1.582895723930982683e+02,8.062491621786501694e-01,1.277382882380371676e+01
1.583395848962240677e+02,7.967809152581339927e-01,1.260787503891103967e+01
1.583895973993498387e+02,7.880352773473295880e-01,1.244381525855781767e+01
1.584396099024756381e+02,7.799852626154396562e-01,1.228165162289770862e+01
1.584896224056014091e+02,7.726058038280873008e-01,1.212138470098811105e+01
1.585396349087271801e+02,7.658737040028064103e-01,1.196301354391781224e+01
1.585896474118529795e+02,7.597675165752805215e-01,1.180653582180308625e+01
1.586396599149787505e+02,7.542674362186768677e-01,1.165194794668741274e+01
1.586896724181045215e+02,7.493551954067237952e-01,1.149924518571671683e+01
1.587396849212303209e+02,7.450140312608565241e-01,1.134842169936957568e+01
1.587896974243560919e+02,7.412285842428334437e-01,1.119947066220516874e+01
1.588397099274818913e+02,7.379848170946949892e-01,1.105238435464024427e+01
1.588897224306076623e+02,7.352699483697731075e-01,1.090715423722143562e+01
1.589397349337334333e+02,7.330724247053864717e-01,1.076377098469366622e+01
1.589897474368592327e+02,7.313818449300226732e-01,1.062222458189758179e+01
1.590397599399850037e+02,7.301888998529474373e-01,1.048250439366181475e+01
1.590897724431107747e+02,7.294853263404049715e-01,1.034459921821056305e+01
1.591397849462365741e+02,7.292638891825350411e-01,1.020849731134970817e+01
1.591897974493623451e+02,7.295183248710876978e-01,1.007418646388138939e+01
1.592398099524881161e+02,7.302433017149378980e-01,9.941654051098804956e+00
1.592898224556139155e+02,7.314343818432740285e-01,9.810887080121476700e+00
1.593398349587396865e+02,7.330880141539559691e-01,9.681872200469538114e+00
1.593898474618654859e+02,7.352014945520333189e-01,9.554595766506190913e+00
1.594398599649912569e+02,7.377729439972627867e-01,9.429043869696878133e+00
1.594898724681170279e+02,7.408012747654378893e-01,9.305202386370503120e+00
1.595398849712428273e+02,7.442861874467722183e-01,9.183056982226167619e+00
1.595898974743685983e+02,7.482281525709099101e-01,9.062593149072192489e+00
1.596399099774943693e+02,7.526283946888951970e-01,8.943796236685050971e+00
1.596899224806201687e+02,7.574888735625086023e-01,8.826651488834977854e+00
1.597399349837459397e+02,7.628122754027553132e-01,8.711144060423086088e+00
1.597899474868717391e+02,7.686020121155440199e-01,8.597259020726344403e+00
1.598399599899975101e+02,7.748622100066603346e-01,8.484981394411029498e+00
1.598899724931232811e+02,7.815977055264501372e-01,8.374296173529963028e+00
1.599399849962490805e+02,7.888140408790549341e-01,8.265188349532488488e+00
1.599899974993748515e+02,7.965174627636480986e-01,8.157642920081185522e+00
1.600400100025006225e+02,8.047149227730421295e-01,8.051644890482855033e+00
1.600900225056264219e+02,8.134140814763397564e-01,7.947179306973347401e+00
1.601400350087521929e+02,8.226233031464322831e-01,7.844231264097889955e+00
1.601900475118779639e+02,8.323516719893223614e-01,7.742785927311435223e+00
1.602400600150037633e+02,8.426089961537605033e-01,7.642828541741036652e+00
1.602900725181295343e+02,8.534058077312258739e-01,7.544344432186015581e+00
1.603400850212553337e+02,8.647533713750006346e-01,7.447319011100974606e+00
1.603900975243811047e+02,8.766636999622180459e-01,7.351737810177961130e+00
1.604401100275068757e+02,8.891495490278241709e-01,7.257586474034949831e+00
1.604901225306326751e+02,9.022244618609354117e-01,7.164850781310539318e+00
1.605401350337584461e+02,9.159027721118262466e-01,7.073516646338277702e+00
1.605901475368842171e+02,9.301996037919733062e-01,6.983570119146351729e+00
1.606401600400100165e+02,9.451308792664017133e-01,6.894997388423290019e+00
1.606901725431357875e+02,9.607133707037597281e-01,6.807784811363425170e+00
1.607401850462615585e+02,9.769646614379673411e-01,6.721918905849885384e+00
1.607901975493873579e+02,9.939032288115421387e-01,6.637386362717565547e+00
1.608402100525131289e+02,1.011548459238004849e+00,6.554174049645802747e+00
1.608902225556389283e+02,1.029920648201947397e+00,6.472269011158041430e+00
1.609402350587646993e+02,1.049041000258953638e+00,6.391658468622216205e+00
1.609902475618904703e+02,1.068931668640877186e+00,6.312329831771514854e+00
1.610402600650162697e+02,1.089615799448224953e+00,6.234270717291661157e+00
1.610902725681420407e+02,1.111117536085734159e+00,6.157468936811731908e+00
1.611402850712678116e+02,1.133462081540266064e+00,6.081912506120906947e+00
1.611902975743936111e+02,1.156675698951778131e+00,6.007589645296969039e+00
1.612403100775193820e+02,1.180785719647871712e+00,5.934488779793207769e+00
1.612903225806451815e+02,1.205820606228613867e+00,5.862598553404390067e+00
1.613403350837709525e+02,1.231809943668830343e+00,5.791907828159758687e+00
1.613903475868967234e+02,1.258784529782162709e+00,5.722405687299814581e+00
1.614403600900225229e+02,1.286776390520138591e+00,5.654081436544661443e+00
1.614903725931482938e+02,1.315818779972121710e+00,5.586924604094114954e+00
1.615403850962740648e+02,1.345946225121936068e+00,5.520924946622719709e+00
1.615903975993998642e+02,1.377194561506561943e+00,5.456072456964299100e+00
1.616404101025256352e+02,1.409600981134740083e+00,5.392357361442958741e+00
1.616904226056514062e+02,1.443204085931641290e+00,5.329770122854132097e+00
1.617404351087772056e+02,1.478043887747028107e+00,5.268301440465481988e+00
1.617904476119029766e+02,1.514161846695603719e+00,5.207942254231272550e+00
1.618404601150287760e+02,1.551600909180213428e+00,5.148683750528044278e+00
1.618904726181545470e+02,1.590405564181638587e+00,5.090517361008649821e+00
1.619404851212803180e+02,1.630621888319766954e+00,5.033434764571006248e+00
1.619904976244061174e+02,1.672297549893368762e+00,4.977427887688582686e+00
1.620405101275318884e+02,1.715481857175449099e+00,4.922488909742296137e+00
1.620905226306576594e+02,1.760225785155077993e+00,4.868610264273325328e+00
1.621405351337834588e+02,1.806582048357681325e+00,4.815784640220763357e+00
1.621905476369092298e+02,1.854605113229924385e+00,4.764004982512883402e+00
1.622405601400350292e+02,1.904351223563873763e+00,4.713264494529894044e+00
1.622905726431608002e+02,1.955878429509870120e+00,4.663556641211175524e+00
1.623405851462865712e+02,2.009246645434699552e+00,4.614875149661675557e+00
1.623905976494123706e+02,2.064517678184215388e+00,4.567214010310561179e+00
1.624406101525381416e+02,2.121755238783163744e+00,4.520567478196130473e+00
1.624906226556639126e+02,2.181024964498102570e+00,4.474930075790875428e+00
1.625406351587897120e+02,2.242394459659521111e+00,4.430296593697684138e+00
1.625906476619154830e+02,2.305933324915566018e+00,4.386662092038699612e+00
1.626406601650412540e+02,2.371713161535622394e+00,4.344021901416223130e+00
1.626906726681670534e+02,2.439807575395081418e+00,4.302371624704296238e+00
1.627406851712928244e+02,2.510292203142658440e+00,4.261707138111709092e+00
1.627906976744186238e+02,2.583244728963827175e+00,4.222024592519630914e+00
1.628407101775443948e+02,2.658744877052639843e+00,4.183320414307280188e+00
1.628907226806701658e+02,2.736874392279295520e+00,4.145591305896565437e+00
1.629407351837959652e+02,2.817717044529051584e+00,4.108834247426357500e+00
1.629907476869217362e+02,2.901358628688752717e+00,4.073046497793157528e+00
1.630407601900475072e+02,2.987886929863289076e+00,4.038225594992368883e+00
1.630907726931733066e+02,3.077391678992876134e+00,4.004369355779394901e+00
1.631407851962990776e+02,3.169964521995084716e+00,3.971475877930682685e+00
1.631907976994248770e+02,3.265699003408937262e+00,3.939543540819162359e+00
1.632408102025506480e+02,3.364690482572600061e+00,3.908571004490138723e+00
1.632908227056764190e+02,3.467036056068839578e+00,3.878557209563005426e+00
1.633408352088022184e+02,3.572834490302604582e+00,3.849501379510912535e+00
1.633908477119279894e+02,3.682186173639740989e+00,3.821403020516946025e+00
1.634408602150537604e+02,3.795192968915255260e+00,3.794261918757024343e+00
1.634908727181795598e+02,3.911958083133441733e+00,3.768078141810063286e+00
1.635408852213053308e+02,4.032585983640348815e+00,3.742852040183759943e+00
1.635908977244311018e+02,4.157182265279500299e+00,3.718584245476948436e+00
1.636409102275569012e+02,4.285853455966774028e+00,3.695275667060655689e+00
1.636909227306826722e+02,4.418706802760029362e+00,3.672927494930160464e+00
1.637409352338084716e+02,4.555850187649750360e+00,3.651541199970143037e+00
1.637909477369342426e+02,4.697391869283220167e+00,3.631118529121139193e+00
1.638409602400600136e+02,4.843440213564253582e+00,3.611661504198666162e+00
1.638909727431858130e+02,4.994103447223386283e+00,3.593172424567300460e+00
1.639409852463115840e+02,5.149489504143523355e+00,3.575653865478618076e+00
1.639909977494373550e+02,5.309705656161499476e+00,3.559108670749586256e+00
1.640410102525631544e+02,5.474858127355251902e+00,3.543539955043557566e+00
1.640910227556889254e+02,5.645051881543619032e+00,3.528951105202428273e+00
1.641410352588147248e+02,5.820390293263296044e+00,3.515345775003942297e+00
1.641910477619404958e+02,6.000974719366096721e+00,3.502727878781429105e+00
1.642410602650662668e+02,6.186903981218549120e+00,3.491101595518526501e+00
1.642910727681920662e+02,6.378274193062424047e+00,3.480471368648783148e+00
1.643410852713178372e+02,6.575178239577495809e+00,3.470841896470563626e+00
1.643910977744436082e+02,6.777705246831170705e+00,3.462218129573237935e+00
1.644411102775694076e+02,6.985940038719512302e+00,3.454605274875746979e+00
1.644911227806951786e+02,7.199962919279713880e+00,3.448008793708828179e+00
1.645411352838209496e+02,7.419849007064041935e+00,3.442434388806201895e+00
1.645911477869467490e+02,7.645667593196917800e+00,3.437888006089057757e+00
1.646411602900725200e+02,7.877481623992109050e+00,3.434375837998348668e+00
1.646911727931983194e+02,8.115347399103809423e+00,3.431904320055112034e+00
1.647411852963240904e+02,8.359313837511697542e+00,3.430480115603605995e+00
1.647911977994498613e+02,8.609421740758458341e+00,3.430110120818939734e+00
1.648412103025756608e+02,8.865703286701485553e+00,3.430801467899517565e+00
1.648912228057014318e+02,9.128181723114021651e+00,3.432561521621140255e+00
1.649412353088272027e+02,9.396870578383358819e+00,3.435397861614200909e+00
1.649912478119530022e+02,9.671772955686970263e+00,3.439318288457286599e+00
1.650412603150787731e+02,9.952880933713235123e+00,3.444330828468250782e+00
1.650912728182045726e+02,1.024017540895846246e+01,3.450443732390854557e+00
1.651412853213303435e+02,1.053362526354147732e+01,3.457665456997979447e+00
1.651912978244561145e+02,1.083318689660877965e+01,3.466004664518793188e+00
1.652413103275819140e+02,1.113880344013887225e+01,3.475470233686874355e+00
1.652913228307076849e+02,1.145040470135850441e+01,3.486071260020064511e+00
1.653413353338334559e+02,1.176790670022307062e+01,3.497817048979509291e+00
1.653913478369592553e+02,1.209121114298108424e+01,3.510717092925604188e+00
1.654413603400850263e+02,1.242020500673052652e+01,3.524781088357185954e+00
1.654913728432107973e+02,1.275476022081683780e+01,3.540018942334318464e+00
1.655413853463365967e+02,1.309473366682140139e+01,3.556440772478477896e+00
1.655913978494623677e+02,1.343996698916443222e+01,3.574056899601206538e+00
1.656414103525881671e+02,1.379028612558410849e+01,3.592877821914823411e+00
1.656914228557139381e+02,1.414550154991931485e+01,3.612914237210214097e+00
1.657414353588397091e+02,1.450540832603580554e+01,3.634177051374133161e+00
1.657914478619655085e+02,1.486978610782561994e+01,3.656677378389175725e+00
1.658414603650912795e+02,1.523839926998011229e+01,3.680426537833190626e+00
1.658914728682170505e+02,1.561099716672378257e+01,3.705436030469928976e+00
1.659414853713428499e+02,1.598731427924211879e+01,3.731717549932611622e+00
1.659914978744686209e+02,1.636707134723876322e+01,3.759282998545141918e+00
1.660415103775943919e+02,1.674997544273341887e+01,3.788144487461271748e+00
1.660915228807201913e+02,1.713572008393707691e+01,3.818314336131498177e+00
1.661415353838459623e+02,1.752398646637057311e+01,3.849805057713107104e+00
1.661915478869717617e+02,1.791444358705169648e+01,3.882629359989208773e+00
1.662415603900975327e+02,1.830675019248244340e+01,3.916800162269826746e+00
1.662915728932233037e+02,1.870055515519458567e+01,3.952330596122684891e+00
1.663415853963491031e+02,1.909549761377766330e+01,3.989234005102797465e+00
1.663915978994748741e+02,1.949120877470793189e+01,4.027523936127256121e+00
1.664416104026006451e+02,1.988731229502268860e+01,4.067214139977129328e+00
1.664916229057264445e+02,2.028342671921138418e+01,4.108318582903416782e+00
1.665416354088522155e+02,2.067916599190909110e+01,4.150851447257427829e+00
1.665916479119780149e+02,2.107413965938626532e+01,4.194827131198169745e+00
1.666416604151037859e+02,2.146795505659775216e+01,4.240260243236846804e+00
1.666916729182295569e+02,2.186021778683320704e+01,4.287165604194938417e+00
1.667416854213553563e+02,2.225053435739214436e+01,4.335558251945035302e+00
1.667916979244811273e+02,2.263851266993307831e+01,4.385453441400820829e+00
1.668417104276068983e+02,2.302376221045578575e+01,4.436866644125805337e+00
1.668917229307326977e+02,2.340589631025069650e+01,4.489813544409942736e+00
1.669417354338584687e+02,2.378453258216190491e+01,4.544310041814060064e+00
1.669917479369842397e+02,2.415929530023279881e+01,4.600372247873969478e+00
1.670417604401100391e+02,2.452981588937030111e+01,4.658016485130542783e+00
1.670917729432358101e+02,2.489573300218347995e+01,4.717259286769083459e+00
1.671417854463616095e+02,2.525669435085095671e+01,4.778117391511864653e+00
1.671917979494873805e+02,2.561235719755696039e+01,4.840607747461255883e+00
1.672418104526131515e+02,2.596238991691782161e+01,4.904747499319754844e+00
1.672918229557389509e+02,2.630647254332576068e+01,4.970553984835108352e+00
1.673418354588647219e+02,2.664429677282879183e+01,5.038044734770136479e+00
1.673918479619904929e+02,2.697556684500979074e+01,5.107237464580837383e+00
1.674418604651162923e+02,2.730000032482711703e+01,5.178150078375641563e+00
1.674918729682420633e+02,2.761732846508046890e+01,5.250800649681187870e+00
1.675418854713678627e+02,2.792729670033390121e+01,5.325207409291281557e+00
1.675918979744936337e+02,2.822966464691440436e+01,5.401388745266568314e+00
1.676419104776194047e+02,2.852420618781420814e+01,5.479363195499065142e+00
1.676919229807452041e+02,2.881071000086757294e+01,5.559149438834285917e+00
1.677419354838709751e+02,2.908897939212858574e+01,5.640766287158707648e+00
1.677919479869967461e+02,2.935883215182521155e+01,5.724232649646501692e+00
1.678419604901225455e+02,2.962010055607721881e+01,5.809567531516965921e+00
1.678919729932483165e+02,2.987263134238041218e+01,5.896790032554024563e+00
1.679419854963740875e+02,3.011628520299615275e+01,5.985919315600151336e+00
1.679919979994998869e+02,3.035093705918492901e+01,6.076974622998246645e+00
1.680420105026256579e+02,3.057647498710422695e+01,6.169975215369616350e+00
1.680920230057514573e+02,3.079279986498667654e+01,6.264940350808863911e+00
1.681420355088772283e+02,3.099982537313902498e+01,6.361889284883467610e+00
1.681920480120029993e+02,3.119747782884399001e+01,6.460841262254228390e+00
1.682420605151287987e+02,3.138569484145435950e+01,6.561815459005456042e+00
1.682920730182545697e+02,3.156442602901211814e+01,6.664831029366109050e+00
1.683420855213803407e+02,3.173363102729249263e+01,6.769906988282438753e+00
1.683920980245061401e+02,3.189327908461983085e+01,6.877062189059112818e+00
1.684421105276319111e+02,3.204334906186736021e+01,6.986315323359029605e+00
1.684921230307577105e+02,3.218382943245780581e+01,7.097684921203746278e+00
1.685421355338834815e+02,3.231471706236018093e+01,7.211189278596306984e+00
1.685921480370092524e+02,3.243601637043975927e+01,7.326846444965780414e+00
1.686421605401350519e+02,3.254773944953439724e+01,7.444674201828380689e+00
1.686921730432608229e+02,3.264990420636762281e+01,7.564689921665971539e+00
1.687421855463865938e+02,3.274253434879392444e+01,7.686910567058421684e+00
1.687921980495123933e+02,3.282565938579858056e+01,7.811352690683408539e+00
1.688422105526381642e+02,3.289931460469626501e+01,7.938032432894345902e+00
1.688922230557639352e+02,3.296353922230598243e+01,8.066965354137254351e+00
1.689422355588897346e+02,3.301837661748465536e+01,8.198166517528768793e+00
1.689922480620155056e+02,3.306387361191310248e+01,8.331650337281185870e+00
1.690422605651413051e+02,3.310007948787740872e+01,8.467430457197401950e+00
1.690922730682670760e+02,3.312704598826870495e+01,8.605519750670319823e+00
1.691422855713928470e+02,3.314482731658330295e+01,8.745930320683381609e+00
1.691922980745186464e+02,3.315348002286462048e+01,8.888673478040358233e+00
1.692423105776444174e+02,3.315306143945377215e+01,9.033759492982159856e+00
1.692923230807701884e+02,3.314363017431402625e+01,9.181197716508714635e+00
1.693423355838959878e+02,3.312524536869727854e+01,9.330996323303038409e+00
1.693923480870217588e+02,3.309796638480328568e+01,9.483162239434527407e+00
1.694423605901475582e+02,3.306185280577962260e+01,9.637701142359560436e+00
1.694923730932733292e+02,3.301696443046783003e+01,9.794617458311016378e+00
1.695423855963991002e+02,3.296336066036142398e+01,9.953914116084767727e+00
1.695923980995248996e+02,3.290110032646934712e+01,1.011559257512104892e+01
1.696424106026506706e+02,3.283024160099963495e+01,1.027965261303065070e+01
1.696924231057764416e+02,3.275084173067079973e+01,1.044609215453096773e+01
1.697424356089022410e+02,3.266295703671192996e+01,1.061490727144573931e+01
1.697924481120280120e+02,3.256664291466427130e+01,1.078609218216456256e+01
1.698424606151537830e+02,3.246195366900325752e+01,1.095963897704328183e+01
1.698924731182795824e+02,3.234894234264905322e+01,1.113553759076846106e+01
1.699424856214053534e+02,3.222766083529530334e+01,1.131377558823890794e+01
1.699924981245311528e+02,3.209815986615126349e+01,1.149433791294527119e+01
1.700425106276569238e+02,3.196048897394232924e+01,1.167720688696922871e+01
1.700925231307826948e+02,3.181469651696664513e+01,1.186236221087977682e+01
1.701425356339084942e+02,3.166082981529768503e+01,1.204978063738424687e+01
1.701925481370342652e+02,3.149893509345488241e+01,1.223943589553094924e+01
1.702425606401600362e+02,3.132905771906452941e+01,1.243129846234414693e+01
1.702925731432858356e+02,3.115124242016390355e+01,1.262533522880508130e+01
1.703425856464116066e+02,3.096553328520156256e+01,1.282150949985163990e+01
1.703925981495374060e+02,3.077197376303665166e+01,1.301978099437913272e+01
1.704426106526631770e+02,3.057060706571774844e+01,1.322010546487375038e+01
1.704926231557889480e+02,3.036147625912591508e+01,1.342243455338569369e+01
1.705426356589147474e+02,3.014462458585456517e+01,1.362671556511703663e+01
1.705926481620405184e+02,2.992009596232816904e+01,1.383289104547808890e+01
1.706426606651662894e+02,2.968793497881296872e+01,1.404089878007783909e+01
1.706926731682920888e+02,2.944818689941734746e+01,1.425067179472362078e+01
1.707426856714178598e+02,2.920089830729652292e+01,1.446213793147662763e+01
1.707926981745436308e+02,2.894611737966462428e+01,1.467521961560111521e+01
1.708427106776694302e+02,2.868389427350034993e+01,1.488983365585586505e+01
1.708927231807952012e+02,2.841428194244543448e+01,1.510589074668092380e+01
1.709427356839210006e+02,2.813733613727185556e+01,1.532329546790308328e+01
1.709927481870467716e+02,2.785311540588304169e+01,1.554194628473488748e+01
1.710427606901725426e+02,2.756168198030167815e+01,1.576173510995880811e+01
1.710927731932983420e+02,2.726310227927281105e+01,1.598254696937306463e+01
1.711427856964241130e+02,2.695744733403332205e+01,1.620425986889533831e+01
1.711927981995498840e+02,2.664479397110286740e+01,1.642674427521732383e+01
1.712428107026756834e+02,2.632522481424312844e+01,1.664986311489642290e+01
1.712928232058014544e+02,2.599882828445835159e+01,1.687347177435533752e+01
1.713428357089272254e+02,2.566569966757827004e+01,1.709741773547656862e+01
1.713928482120530248e+02,2.532594199674646163e+01,1.732154010917924936e+01
1.714428607151787958e+02,2.497966634801649732e+01,1.754566966493517910e+01
1.714928732183045952e+02,2.462699346161346270e+01,1.776962841137561000e+01
1.715428857214303662e+02,2.426805375084536465e+01,1.799322959365114016e+01
1.715928982245561372e+02,2.390298730210176359e+01,1.821627769343259473e+01
1.716429107276819366e+02,2.353194482593914927e+01,1.843856829564956712e+01
1.716929232308077076e+02,2.315508934427763421e+01,1.865988753647944876e+01
1.717429357339334786e+02,2.277259589736943823e+01,1.888001231401014834e+01
1.717929482370592780e+02,2.238465353508266631e+01,1.909871033154738029e+01
1.718429607401850490e+02,2.199146536995197820e+01,1.931574009461877139e+01
1.718929732433108484e+02,2.159324857717703594e+01,1.953085091097472414e+01
1.719429857464366194e+02,2.119023488414759626e+01,1.974378297065260668e+01
1.719929982495623904e+02,2.078267293241490066e+01,1.995426738657122101e+01
1.720430107526881898e+02,2.037082773342040909e+01,2.016202638364941535e+01
1.720930232558139608e+02,1.995498170414345651e+01,2.036677409978080888e+01
1.721430357589397317e+02,1.953543478200519701e+01,2.056821662757445779e+01
1.721930482620655312e+02,1.911250450589878014e+01,2.076605218776238004e+01
1.722430607651913022e+02,1.868652710769140413e+01,2.095997194920589379e+01
1.722930732683170731e+02,1.825785766531690868e+01,2.114966016115470637e+01
1.723430857714428726e+02,1.782686976107242316e+01,2.133479611767180728e+01
1.723930982745686435e+02,1.739395549461760027e+01,2.151505437082030525e+01
1.724431107776944430e+02,1.695952541923562862e+01,2.169010489285124521e+01
1.724931232808202139e+02,1.652400823668429553e+01,2.185961498714653217e+01
1.725431357839459849e+02,1.608785070182190324e+01,2.202324988593459665e+01
1.725931482870717844e+02,1.565151548725935804e+01,2.218067543910484574e+01
1.726431607901975553e+02,1.521548087517190240e+01,2.233155861953081001e+01
1.726931732933233263e+02,1.478024014254676821e+01,2.247556825921229162e+01
1.727431857964491257e+02,1.434629969231238356e+01,2.261237776194603910e+01
1.727931982995748967e+02,1.391417701029422282e+01,2.274166682892655089e+01
1.728432108027006961e+02,1.348439779374269065e+01,2.286312400138850620e+01
1.728932233058264671e+02,1.305749553616419334e+01,2.297644701524264477e+01
1.729432358089522381e+02,1.263400825089704149e+01,2.308134571584404782e+01
1.729932483120780375e+02,1.221447568279489460e+01,2.317754422541673520e+01
1.730432608152038085e+02,1.179943484636992324e+01,2.326478384891531093e+01
1.730932733183295795e+02,1.138941912148997737e+01,2.334282368975994260e+01
1.731432858214553789e+02,1.098495420016930169e+01,2.341144340885949404e+01
1.731932983245811499e+02,1.058655420074749998e+01,2.347044556698479312e+01
1.732433108277069209e+02,1.019471711124865365e+01,2.351965790295446368e+01
1.732933233308327203e+02,9.809923490766250254e+00,2.355893400772378499e+01
1.733433358339584913e+02,9.432631775105660310e+00,2.358815581839963826e+01
1.733933483370842907e+02,9.063274353672440498e+00,2.360723515696931685e+01
1.734433608402100617e+02,8.702254423582541421e+00,2.361611478236519801e+01
1.734933733433358327e+02,8.349944163078754755e+00,2.361476899770929094e+01
1.735433858464616321e+02,8.006680746556165573e+00,2.360320500358107054e+01
1.735933983495874031e+02,7.672763858783271829e+00,2.358146282746356448e+01
1.736434108527131741e+02,7.348454537116928087e+00,2.354961532257867418e+01
1.736934233558389735e+02,7.033973178138868576e+00,2.350776814631376510e+01
1.737434358589647445e+02,6.729498184559153273e+00,2.345605897086236880e+01
1.737934483620905439e+02,6.435165802024400250e+00,2.339465610613684632e+01
1.738434608652163149e+02,6.151070078038762823e+00,2.332375773314458201e+01
1.738934733683420859e+02,5.877262518509155598e+00,2.324359042697583178e+01
1.739434858714678853e+02,5.613754101377747219e+00,2.315440622071572463e+01
1.739934983745936563e+02,5.360516231183490632e+00,2.305648126158387257e+01
1.740435108777194273e+02,5.117482143643715453e+00,2.295011369788183941e+01
1.740935233808452267e+02,4.884548639616788535e+00,2.283562122724364940e+01
1.741435358839709977e+02,4.661580818995675557e+00,2.271333680558721824e+01
1.741935483870967687e+02,4.448412833444709946e+00,2.258360793753270812e+01
1.742435608902225681e+02,4.244850664079008240e+00,2.244679384499812613e+01
1.742935733933483391e+02,4.050675992406723047e+00,2.230326192071307290e+01
1.743435858964741385e+02,3.865649932824783086e+00,2.215338505959901738e+01
1.743935983995999095e+02,3.689514803225702355e+00,2.199754019638778146e+01
1.744436109027256805e+02,3.521997652186536598e+00,2.183610529933665845e+01
1.744936234058514799e+02,3.362814111046532606e+00,2.166945679264638613e+01
1.745436359089772509e+02,3.211670419227579565e+00,2.149796820138709563e+01
1.745936484121030219e+02,3.068266052541414712e+00,2.132200812953385594e+01
1.746436609152288213e+02,2.932296877757514686e+00,2.114193825083901146e+01
1.746936734183545923e+02,2.803457221319888060e+00,2.095811216352086959e+01
1.747436859214803917e+02,2.681441616677892270e+00,2.077087419094650400e+01
1.747936984246061627e+02,2.565947151603583887e+00,2.058055804821785628e+01
1.748437109277319337e+02,2.456674983291143199e+00,2.038748618055807071e+01
1.748937234308577331e+02,2.353331523730169295e+00,2.019196906495996657e+01
1.749437359339835041e+02,2.255629950846988141e+00,1.999430455547600971e+01
1.749937484371092751e+02,2.163291112647592662e+00,1.979477766037430442e+01
1.750437609402350745e+02,2.076044229651412110e+00,1.959366023678930091e+01
1.750937734433608455e+02,1.993627698698940076e+00,1.939121087048900804e+01
1.751437859464866165e+02,1.915789514511100133e+00,1.918767496761445557e+01
1.751937984496124159e+02,1.842287565001975880e+00,1.898328475303493690e+01
1.752438109527381869e+02,1.772889903220797203e+00,1.877825950911467601e+01
1.752938234558639863e+02,1.707374836280541652e+00,1.857280587995052912e+01
1.753438359589897573e+02,1.645530922477456581e+00,1.836711806755793219e+01
1.753938484621155283e+02,1.587156892591804036e+00,1.816137825378031678e+01
1.754438609652413277e+02,1.532061494626256737e+00,1.795575708739780296e+01
1.754938734683670987e+02,1.480063334744150527e+00,1.775041396021756412e+01
1.755438859714928697e+02,1.430990624909799447e+00,1.754549743654611049e+01
1.755938984746186691e+02,1.384680779385382809e+00,1.734114595976715023e+01
1.756439109777444401e+02,1.340980262360603303e+00,1.713748808750481700e+01
1.756939234808702395e+02,1.299744218791050621e+00,1.693464294724499553e+01
1.757439359839960105e+02,1.260836081505537498e+00,1.673272077628690013e+01
1.757939484871217815e+02,1.224127101806759654e+00,1.653182357537862046e+01
1.758439609902475809e+02,1.189496256473293601e+00,1.633204522050052532e+01
1.758939734933733519e+02,1.156829743242811848e+00,1.613347202437685368e+01
1.759439859964991228e+02,1.126020613777929613e+00,1.593618320131362687e+01
1.759939984996249223e+02,1.096968324784218574e+00,1.574025142255875842e+01
1.760440110027506933e+02,1.069578635451172266e+00,1.554574293108969840e+01
1.760940235058764642e+02,1.043763145373664436e+00,1.535271804039392407e+01
1.761440360090022637e+02,1.019438946948160174e+00,1.516123154678052565e+01
1.761940485121280346e+02,9.965282861516250312e-01,1.497133312327531307e+01
1.762440610152538341e+02,9.749584230500382143e-01,1.478306746996151588e+01
1.762940735183796050e+02,9.546612437226863479e-01,1.459647473279623853e+01
1.763440860215053760e+02,9.355729527707079551e-01,1.441159085595539047e+01
1.763940985246311755e+02,9.176338730097097773e-01,1.422844780464396841e+01
1.764441110277569464e+02,9.007882429244337130e-01,1.404707378193559109e+01
1.764941235308827174e+02,8.849839374768144751e-01,1.386749353433527077e+01
1.765441360340085168e+02,8.701722008170723610e-01,1.368972864841722092e+01
1.765941485371342878e+02,8.563075503943722300e-01,1.351379765486049145e+01
1.766441610402600588e+02,8.433475438947196645e-01,1.333971628096897000e+01
1.766941735433858582e+02,8.312525680216027446e-01,1.316749768353774641e+01
1.767441860465116292e+02,8.199856764569312118e-01,1.299715262533815796e+01
1.767941985496374286e+02,8.095124871177891146e-01,1.282868958736467313e+01
1.768442110527631996e+02,7.998009982508212934e-01,1.266211497209284431e+01
1.768942235558889706e+02,7.908214113042251192e-01,1.249743329691853688e+01
1.769442360590147700e+02,7.825460584231811456e-01,1.233464727297136498e+01
1.769942485621405410e+02,7.749492783889362357e-01,1.217375794427032787e+01
1.770442610652663120e+02,7.680072855207719096e-01,1.201476483459400946e+01
1.770942735683921114e+02,7.616980401916301213e-01,1.185766608847209191e+01
1.771442860715178824e+02,7.560012097447933455e-01,1.170245851500344259e+01
1.771942985746436818e+02,7.508980523950150587e-01,1.154913772271650174e+01
1.772443110777694528e+02,7.463713207844525632e-01,1.139769822796662879e+01
1.772943235808952238e+02,7.424051792242030157e-01,1.124813354611616134e+01
1.773443360840210232e+02,7.389851705015217931e-01,1.110043623090269804e+01
1.773943485871467942e+02,7.360981257261346444e-01,1.095459798424546527e+01
1.774443610902725652e+02,7.337320910368647642e-01,1.081060973951791837e+01
1.774943735933983646e+02,7.318762747407790981e-01,1.066846172148599869e+01
1.775443860965241356e+02,7.305210205553314129e-01,1.052814348027584934e+01
1.775943985996499066e+02,7.296577417494027884e-01,1.038964397725724176e+01
1.776444111027757060e+02,7.292788677739115988e-01,1.025295164806418313e+01
1.776944236059014770e+02,7.293778054382054066e-01,1.011805444887870742e+01
1.777444361090272764e+02,7.299489241592599376e-01,9.984939877049043844e+00
1.777944486121530474e+02,7.309875066791154952e-01,9.853595042247253133e+00
1.778444611152788184e+02,7.324897165032934199e-01,9.724006708691177892e+00
1.778944736184046178e+02,7.344525630395229987e-01,9.596161340503600812e+00
1.779444861215303888e+02,7.368738972560506806e-01,9.470045108630426256e+00
1.779944986246561598e+02,7.397523790457581905e-01,9.345643946259361456e+00
1.780445111277819592e+02,7.430874601907808685e-01,9.222943576786024167e+00
1.780945236309077302e+02,7.468793547341928685e-01,9.101929559708583639e+00
1.781445361340335296e+02,7.511290350062582721e-01,8.982587296976959124e+00
1.781945486371593006e+02,7.558382226235025314e-01,8.864902054685238397e+00
1.782445611402850716e+02,7.610093708421641345e-01,8.748859004068888723e+00
1.782945736434108710e+02,7.666456562659068608e-01,8.634443242378260663e+00
1.783445861465366420e+02,7.727509682162693183e-01,8.521639819580654418e+00
1.783945986496624130e+02,7.793299086795062447e-01,8.410433738514996094e+00
1.784446111527882124e+02,7.863877894866214691e-01,8.300809980371584018e+00
1.784946236559139834e+02,7.939306254655614792e-01,8.192753529124589207e+00
1.785446361590397544e+02,8.019651378502938854e-01,8.086249389301952917e+00
1.785946486621655538e+02,8.104987550807417618e-01,7.981282603947021492e+00
1.786446611652913248e+02,8.195396128027685467e-01,7.877838254618717784e+00
1.786946736684171242e+02,8.290965589695182825e-01,7.775901471773040363e+00
1.787446861715428952e+02,8.391791585833471290e-01,7.675457467468944195e+00
1.787946986746686662e+02,8.497976964729947458e-01,7.576491533692871982e+00
1.788447111777944656e+02,8.609632015214050416e-01,7.478989065734078068e+00
1.788947236809202366e+02,8.726874475259726038e-01,7.382935563323744788e+00
1.789447361840460076e+02,8.849829531985813347e-01,7.288316630634652071e+00
1.789947486871718070e+02,8.978630033461987292e-01,7.195117990427313259e+00
1.790447611902975780e+02,9.113416555180351430e-01,7.103325507397658889e+00
1.790947736934233774e+02,9.254337493669456682e-01,7.012925182858045225e+00
1.791447861965491484e+02,9.401549565759430571e-01,6.923903172061925737e+00
1.791947986996749194e+02,9.555217813638985369e-01,6.836245784440899698e+00
1.792448112028007188e+02,9.715515604855189391e-01,6.749939483604865842e+00
1.792948237059264898e+02,9.882624724502476754e-01,6.664970890062951625e+00
1.793448362090522608e+02,1.005673601781304161e+00,6.581326809677239709e+00
1.793948487121780602e+02,1.023804895163663131e+00,6.498994225318218021e+00
1.794448612153038312e+02,1.042677252641969199e+00,6.417960306094399492e+00
1.794948737184296021e+02,1.062312545123070606e+00,6.338212410915623707e+00
1.795448862215554016e+02,1.082733614375987807e+00,6.259738088493198127e+00
1.795948987246811726e+02,1.103964273031878829e+00,6.182525077340027764e+00
1.796449112278069720e+02,1.126029356062681286e+00,6.106561318504327929e+00
1.796949237309327430e+02,1.148954756064503924e+00,6.031834967787752966e+00
1.797449362340585139e+02,1.172767445508367867e+00,5.958334387264114795e+00
1.797949487371843134e+02,1.197495529311006335e+00,5.886048152183892768e+00
1.798449612403100843e+02,1.223168244845342478e+00,5.814965050976434568e+00
1.798949737434358553e+02,1.249815985661866691e+00,5.745074088391382894e+00
1.799449862465616548e+02,1.277470349391079285e+00,5.676364496420775119e+00
1.799949987496874257e+02,1.306164158988252888e+00,5.608825732210148018e+00
1.800450112528132252e+02,1.335931538669222096e+00,5.542447481527491782e+00
1.800950237559389961e+02,1.366807916207488649e+00,5.477219658954903814e+00
1.801450362590647671e+02,1.398830034484781049e+00,5.413132409138505352e+00
1.801950487621905665e+02,1.432036016731841110e+00,5.350176116474834487e+00
1.802450612653163375e+02,1.466465380810342500e+00,5.288341403904819771e+00
1.802950737684421085e+02,1.502159120401563630e+00,5.227619135027757657e+00
1.803450862715679079e+02,1.539159713448324140e+00,5.168000414666608755e+00
1.803950987746936789e+02,1.577511139651101901e+00,5.109476590573293286e+00
1.804451112778194499e+02,1.617258934233049228e+00,5.052039260388826669e+00
1.804951237809452493e+02,1.658450223001148416e+00,4.995680270643347853e+00
1.805451362840710203e+02,1.701133786841991791e+00,4.940391718765122064e+00
1.805951487871968197e+02,1.745360065525326965e+00,4.886165953334911549e+00
1.806451612903225907e+02,1.791181197233928435e+00,4.832995578148204352e+00
1.806951737934483617e+02,1.838651045667823114e+00,4.780873454416687096e+00
1.807451862965741611e+02,1.887825269405142947e+00,4.729792701707766334e+00
1.807951987996999321e+02,1.938761340377823883e+00,4.679746698747808686e+00
1.808452113028257031e+02,1.991518563152255172e+00,4.630729085333743278e+00
1.808952238059515025e+02,2.046158102433277559e+00,4.582733765394657155e+00
1.809452363090772735e+02,2.102743034186822069e+00,4.535754907618797738e+00
1.809952488122030729e+02,2.161338374991244926e+00,4.489786946705189408e+00
1.810452613153288439e+02,2.222011090994192806e+00,4.444824584529317058e+00
1.810952738184546149e+02,2.284830113152615194e+00,4.400862792517187039e+00
1.811452863215804143e+02,2.349866373277084808e+00,4.357896812519369334e+00
1.811952988247061853e+02,2.417192828082378231e+00,4.315922158159007260e+00
1.812453113278319563e+02,2.486884459705049899e+00,4.274934615785571879e+00
1.812953238309577557e+02,2.559018270482848134e+00,4.234930245713755426e+00
1.813453363340835267e+02,2.633673302091161794e+00,4.195905383561481905e+00
1.813953488372092977e+02,2.710930644835558567e+00,4.157856641443833823e+00
1.814453613403350971e+02,2.790873420462358645e+00,4.120780908688542077e+00
1.814953738434608681e+02,2.873586753419524964e+00,4.084675351909644370e+00
1.815453863465866675e+02,2.959157762156740201e+00,4.049537417006558115e+00
1.815953988497124385e+02,3.047675552409484734e+00,4.015364829979839456e+00
1.816454113528382095e+02,3.139231163586906792e+00,3.982155596824765720e+00
1.816954238559640089e+02,3.233917512854770582e+00,3.949908003192625916e+00
1.817454363590897799e+02,3.331829348639314237e+00,3.918620616739285634e+00
1.817954488622155509e+02,3.433063224237773436e+00,3.888292287419589321e+00
1.818454613653413503e+02,3.537717386873243441e+00,3.858922145788234559e+00
1.818954738684671213e+02,3.645891681925983896e+00,3.830509603524130391e+00
1.819454863715928923e+02,3.757687477465336823e+00,3.803054355426909616e+00
1.819954988747186917e+02,3.873207584726680253e+00,3.776556378687748960e+00
1.820455113778444627e+02,3.992556092157626857e+00,3.751015929648099156e+00
1.820955238809702621e+02,4.115838199568134570e+00,3.726433546058907975e+00
1.821455363840960331e+02,4.243160138177170637e+00,3.702810048037197266e+00
1.821955488872218041e+02,4.374628985126882696e+00,3.680146534975658579e+00
1.822455613903476035e+02,4.510352442064600176e+00,3.658444382987652510e+00
1.822955738934733745e+02,4.650438602072664906e+00,3.637705247857545121e+00
1.823455863965991455e+02,4.794995848611670830e+00,3.617931064558537191e+00
1.823955988997249449e+02,4.944132541409400616e+00,3.599124041083423986e+00
1.824456114028507159e+02,5.097956705055866955e+00,3.581286658935780576e+00
1.824956239059765153e+02,5.256575796846069792e+00,3.564421675237154474e+00
1.825456364091022863e+02,5.420096478039091892e+00,3.548532119594029588e+00
1.825956489122280573e+02,5.588624229408901023e+00,3.533621286854824017e+00
1.826456614153538567e+02,5.762262895103818394e+00,3.519692740522487817e+00
1.826956739184796277e+02,5.941114502792845364e+00,3.506750313349600745e+00
1.827456864216053987e+02,6.125278844340467543e+00,3.494798100057693091e+00
1.827956989247311981e+02,6.314853007086086656e+00,3.483840452674150878e+00
1.828457114278569691e+02,6.509930842690228481e+00,3.473881984707465786e+00
1.828957239309827401e+02,6.710602783728715437e+00,3.464927570114388455e+00
1.829457364341085395e+02,6.916955248308751969e+00,3.456982331966860222e+00
1.829957489372343105e+02,7.129070061293309557e+00,3.450051642178950662e+00
1.830457614403601099e+02,7.347023932385554623e+00,3.444141125097487155e+00
1.830957739434858809e+02,7.570888191076317497e+00,3.439256654644959443e+00
1.831457864466116519e+02,7.800728088861069054e+00,3.435404340310970639e+00
1.831957989497374513e+02,8.036602102884218723e+00,3.432590530859170208e+00
1.832458114528632223e+02,8.278561449051789367e+00,3.430821817281853203e+00
1.832958239559889932e+02,8.526649743137873827e+00,3.430105028798958511e+00
1.833458364591147927e+02,8.780902257220501994e+00,3.430447216772801955e+00
1.833958489622405637e+02,9.041345157351234008e+00,3.431855660962566112e+00
1.834458614653663631e+02,9.307994999632656530e+00,3.434337872830685701e+00
1.834958739684921341e+02,9.580858452299004568e+00,3.437901592535638873e+00
1.835458864716179050e+02,9.859931484169509375e+00,3.442554770170535239e+00
1.835958989747437045e+02,1.014519872392568089e+01,3.448305571413833093e+00
1.836459114778694754e+02,1.043663280342150657e+01,3.455162383744548205e+00
1.836959239809952464e+02,1.073419426845385694e+01,3.463133815969059448e+00
1.837459364841210459e+02,1.103783079493167563e+01,3.472228682121793142e+00
1.837959489872468168e+02,1.134747680983502249e+01,3.482455993860360532e+00
1.838459614903725878e+02,1.166305271629664020e+01,3.493824975632930929e+00
1.838959739934983872e+02,1.198446477709817160e+01,3.506345065688841522e+00
1.839459864966241582e+02,1.231160495983573533e+01,3.520025914150354485e+00
1.839959989997499576e+02,1.264435025090257625e+01,3.534877358870732955e+00
1.840460115028757286e+02,1.298256255505506118e+01,3.550909430545771794e+00
1.840960240060014996e+02,1.332608838010955488e+01,3.568132368674619581e+00
1.841460365091272990e+02,1.367475881759463618e+01,3.586556621859442906e+00
1.841960490122530700e+02,1.402838955782803865e+01,3.606192846882867897e+00
1.842460615153788410e+02,1.438678071215750975e+01,3.627051886651391222e+00
1.842960740185046404e+02,1.474971671919160165e+01,3.649144768630349756e+00
1.843460865216304114e+02,1.511696699200580163e+01,3.672482727200473640e+00
1.843960990247562108e+02,1.548828597849464117e+01,3.697077204757391211e+00
1.844461115278819818e+02,1.586341316670717738e+01,3.722939851685477475e+00
1.844961240310077528e+02,1.624207374949958904e+01,3.750082514908916753e+00
1.845461365341335522e+02,1.662397864360873001e+01,3.778517224179517964e+00
1.845961490372593232e+02,1.700882575876465452e+01,3.808256215950742263e+00
1.846461615403850942e+02,1.739630067780609224e+01,3.839311936683634574e+00
1.846961740435108936e+02,1.778607665667980697e+01,3.871697042846778736e+00
1.847461865466366646e+02,1.817781556801679699e+01,3.905424395669909288e+00
1.847961990497624356e+02,1.857116874620267311e+01,3.940507049224821756e+00
1.848462115528882350e+02,1.896577832487121995e+01,3.976958267407985304e+00
1.848962240560140060e+02,1.936127859295628895e+01,4.014791528080216665e+00
1.849462365591398054e+02,1.975729599577101325e+01,4.054020523065655190e+00
1.849962490622655764e+02,2.015345041852287977e+01,4.094659154733551354e+00
1.850462615653913474e+02,2.054935636513306108e+01,4.136721529613474502e+00
1.850962740685171468e+02,2.094462464091401088e+01,4.180221969069910060e+00
1.851462865716429178e+02,2.133886388179602989e+01,4.225175011519811896e+00
1.851962990747686888e+02,2.173168055498593176e+01,4.271595412431972605e+00
1.852463115778944882e+02,2.212268048141010723e+01,4.319498141527223112e+00
1.852963240810202592e+02,2.251147009699642254e+01,4.368898380785394053e+00
1.853463365841460586e+02,2.289765821123755529e+01,4.419811528401878853e+00
1.853963490872718296e+02,2.328085748558796553e+01,4.472253198236452398e+00
1.854463615903976006e+02,2.366068443346543404e+01,4.526239219813471770e+00
1.854963740935234000e+02,2.403676071201654096e+01,4.581785635320122729e+00
1.855463865966491710e+02,2.440871459842280089e+01,4.638908700009618968e+00
1.855963990997749420e+02,2.477618213014009285e+01,4.697624879395720043e+00
1.856464116029007414e+02,2.513880855345586340e+01,4.757950844364787102e+00
1.856964241060265124e+02,2.549624832453667622e+01,4.819903471172505505e+00
1.857464366091522834e+02,2.584816576670711186e+01,4.883499837864430759e+00
1.857964491122780828e+02,2.619423667597977001e+01,4.948757223168194663e+00
1.858464616154038538e+02,2.653414858254448205e+01,5.015693101002940857e+00
1.858964741185296532e+02,2.686760195130098339e+01,5.084325126398955064e+00
1.859464866216554242e+02,2.719431021108727009e+01,5.154671135243040325e+00
1.859964991247811952e+02,2.751399989132083945e+01,5.226749141192409631e+00
1.860465116279069946e+02,2.782641164650097565e+01,5.300577326445917947e+00
1.860965241310327656e+02,2.813130027258175758e+01,5.376174042208679005e+00
1.861465366341585366e+02,2.842843507216869980e+01,5.453557778128629963e+00
1.861965491372843360e+02,2.871759991870959894e+01,5.532747159542696025e+00
1.862465616404101070e+02,2.899859325256887388e+01,5.613760946924317707e+00
1.862965741435359064e+02,2.927122804932345090e+01,5.696618014399658314e+00
1.863465866466616774e+02,2.953533210342927262e+01,5.781337359330205317e+00
1.863965991497874484e+02,2.979074741231972823e+01,5.867938058444050142e+00
1.864466116529132478e+02,3.003732998280509392e+01,5.956439249405197423e+00
1.864966241560390188e+02,3.027494983107215987e+01,6.046860130813406009e+00
1.865466366591647898e+02,3.050349077902224693e+01,6.139219951844235190e+00
1.865966491622905892e+02,3.072284971027721667e+01,6.233537979276844609e+00
1.866466616654163602e+02,3.093293679254653483e+01,6.329833511161305992e+00
1.866966741685421312e+02,3.113367397971031281e+01,6.428125794692675754e+00
1.867466866716679306e+02,3.132499486634587527e+01,6.528434018444306375e+00
1.867966991747937016e+02,3.150684468772745817e+01,6.630777312367674980e+00
1.868467116779195010e+02,3.167917998142103997e+01,6.735174729215293254e+00
1.868967241810452720e+02,3.184196699793469421e+01,6.841645177024611613e+00
1.869467366841710430e+02,3.199518276882026058e+01,6.950207489495301871e+00
1.869967491872968424e+02,3.213881264725068121e+01,7.060880264658351280e+00
1.870467616904226134e+02,3.227284997527526400e+01,7.173681844658812423e+00
1.870967741935483843e+02,3.239729608382015869e+01,7.288630315756185141e+00
1.871467866966741838e+02,3.251216029268810814e+01,7.405743508324230007e+00
1.871967991997999547e+02,3.261745947921092892e+01,7.525038966402550322e+00
1.872468117029257257e+02,3.271321568837394267e+01,7.646533810097279726e+00
1.872968242060515252e+02,3.279945742322691871e+01,7.770244824823492102e+00
1.873468367091772961e+02,3.287621775492022635e+01,7.896188272394339513e+00
1.873968492123030956e+02,3.294353402528754771e+01,8.024379866663219119e+00
1.874468617154288665e+02,3.300144784684544419e+01,8.154834773523198521e+00
1.874968742185546375e+02,3.305000509684521859e+01,8.287567610086227887e+00
1.875468867216804369e+02,3.308925456176727664e+01,8.422592285418074809e+00
1.875968992248062079e+02,3.311924773483799811e+01,8.559922038862231020e+00
1.876469117279319789e+02,3.314003841612756673e+01,8.699569307029234366e+00
1.876969242310577783e+02,3.315168185551540603e+01,8.841545584742837249e+00
1.877469367341835493e+02,3.315423475269015086e+01,8.985861425039768591e+00
1.877969492373093487e+02,3.314775525714973980e+01,9.132526439170291610e+00
1.878469617404351197e+02,3.313230270465718519e+01,9.281549230550897533e+00
1.878969742435608907e+02,3.310793645195334989e+01,9.432937172174801432e+00
1.879469867466866901e+02,3.307471635927441156e+01,9.586696501528997771e+00
1.879969992498124611e+02,3.303270203988564901e+01,9.742832020044541963e+00
1.880470117529382321e+02,3.298195277667377923e+01,9.901347067466156560e+00
1.880970242560640315e+02,3.292252752214694311e+01,1.006224352185195947e+01
1.881470367591898025e+02,3.285448483466077363e+01,1.022552175451583523e+01
1.881970492623155735e+02,3.277788229715736890e+01,1.039118032841837014e+01
1.882470617654413729e+02,3.269277665678599476e+01,1.055921611446552433e+01
1.882970742685671439e+02,3.259922360368717875e+01,1.072962392115269914e+01
1.883470867716929433e+02,3.249727770734060783e+01,1.090239643298725092e+01
1.883970992748187143e+02,3.238699241656556183e+01,1.107752421048771829e+01
1.884471117779444853e+02,3.226842005793458412e+01,1.125499564461956048e+01
1.884971242810702847e+02,3.214161173315405051e+01,1.143479657315017484e+01
1.885471367841960557e+02,3.200661729397683075e+01,1.161691041722846940e+01
1.885971492873218267e+02,3.186348551264570261e+01,1.180131772543402136e+01
1.886471617904476261e+02,3.171226409565279170e+01,1.198799608226466162e+01
1.886971742935733971e+02,3.155299968373986275e+01,1.217692010813615511e+01
1.887471867966991965e+02,3.138573788949185683e+01,1.236806140955289912e+01
1.887971992998249675e+02,3.121052361052759139e+01,1.256138809541057810e+01
1.888472118029507385e+02,3.102740088406511632e+01,1.275686493848129821e+01
1.888972243060765379e+02,3.083641341143901471e+01,1.295445282671957443e+01
1.889472368092023089e+02,3.063760466228064772e+01,1.315410863973304778e+01
1.889972493123280799e+02,3.043101787451750084e+01,1.335578524878315143e+01
1.890472618154538793e+02,3.021669612157121065e+01,1.355943146409935096e+01
1.890972743185796503e+02,2.999468302558040378e+01,1.376499144399699048e+01
1.891472868217054213e+02,2.976502250133648886e+01,1.397240487270895670e+01
1.891972993248312207e+02,2.952775963573349571e+01,1.418160633495750744e+01
1.892473118279569917e+02,2.928294089847068449e+01,1.439252515786491671e+01
1.892973243310827911e+02,2.903061414205156510e+01,1.460508541095430246e+01
1.893473368342085621e+02,2.877082869409404964e+01,1.481920585318219352e+01
1.893973493373343331e+02,2.850363648367371994e+01,1.503479925000869954e+01
1.894473618404601325e+02,2.822909167856615653e+01,1.525177254530350446e+01
1.894973743435859035e+02,2.794725194174466409e+01,1.547002620910885184e+01
1.895473868467116745e+02,2.765817876846287859e+01,1.568945405270011406e+01
1.895973993498374739e+02,2.736193748625523270e+01,1.590994322858544230e+01
1.896474118529632449e+02,2.705859736604989152e+01,1.613137418416745561e+01
1.896974243560890443e+02,2.674823319095182939e+01,1.635361994286381204e+01
1.897474368592148153e+02,2.643092479047057353e+01,1.657654622543879697e+01
1.897974493623405863e+02,2.610675867677743511e+01,1.680001088947658516e+01
1.898474618654663857e+02,2.577582853753439451e+01,1.702386374017151383e+01
1.898974743685921567e+02,2.543823523589470526e+01,1.724794653032769531e+01
1.899474868717179277e+02,2.509408690378709039e+01,1.747209293780962369e+01
1.899974993748437271e+02,2.474350092517632405e+01,1.769612796619331263e+01
1.900475118779694981e+02,2.438660347806779427e+01,1.791986788400648223e+01
1.900975243810952691e+02,2.402353133378501227e+01,1.814312003035615817e+01
1.901475368842210685e+02,2.365443259057883907e+01,1.836568267660910436e+01
1.901975493873468395e+02,2.327946667362812860e+01,1.858734502639142150e+01
1.902475618904726389e+02,2.289880435503343037e+01,1.880788721633896188e+01
1.902975743935984099e+02,2.251262970597539237e+01,1.902708018179546556e+01
1.903475868967241809e+02,2.212114039480500693e+01,1.924468520261981297e+01
1.903975993998499803e+02,2.172454867675410384e+01,1.946045443639792794e+01
1.904476119029757513e+02,2.132308243867741382e+01,1.967413108049514392e+01
1.904976244061015223e+02,2.091698519905121856e+01,1.988544937205692165e+01
1.905476369092273217e+02,2.050651610871420516e+01,2.009413458843644307e+01
1.905976494123530927e+02,2.009195121205215173e+01,2.029990347700805842e+01
1.906476619154788921e+02,1.967358471359349537e+01,2.050246431211957443e+01
1.906976744186046631e+02,1.925172860411862885e+01,2.070151779432034189e+01
1.907476869217304341e+02,1.882671318962898610e+01,2.089675765491107740e+01
1.907976994248562335e+02,1.839888709007068002e+01,2.108787066873180294e+01
1.908477119279820045e+02,1.796861748192097608e+01,2.127453766301938742e+01
1.908977244311077754e+02,1.753629082304989240e+01,2.145643376316594342e+01
1.909477369342335749e+02,1.710231179849880689e+01,2.163323043733420192e+01
1.909977494373593458e+02,1.666710302436815283e+01,2.180459639492985602e+01
1.910477619404851168e+02,1.623110501104654091e+01,2.197019764384427276e+01
1.910977744436109163e+02,1.579477526226661332e+01,2.212969941872796653e+01
1.911477869467366872e+02,1.535858800664643198e+01,2.228276722599129656e+01
1.911977994498624867e+02,1.492303147757093207e+01,2.242906961344569794e+01
1.912478119529882576e+02,1.448860718728251484e+01,2.256827905638395748e+01
1.912978244561140286e+02,1.405582918547101023e+01,2.270007271036316965e+01
1.913478369592398280e+02,1.362522151514852453e+01,2.282413536544472876e+01
1.913978494623655990e+02,1.319731568379130415e+01,2.294016140129128445e+01
1.914478619654913700e+02,1.277264745351831721e+01,2.304785731749120004e+01
1.914978744686171694e+02,1.235175618439677514e+01,2.314694223483642332e+01
1.915478869717429404e+02,1.193518093992935114e+01,2.323715102366820418e+01
1.915978994748687398e+02,1.152345710225972475e+01,2.331823654921512556e+01
1.916479119779945108e+02,1.111711208634155312e+01,2.338997223264984271e+01
1.916979244811202818e+02,1.071666423115091860e+01,2.345215272403689610e+01
1.917479369842460812e+02,1.032261807719650903e+01,2.350459685554062261e+01
1.917979494873718522e+02,9.935460303172455099e+00,2.354714964752868411e+01
1.918479619904976232e+02,9.555656008183268213e+00,2.357968397957927564e+01
1.918979744936234226e+02,9.183646966534238842e+00,2.360210137907948535e+01
1.919479869967491936e+02,8.819846880314026194e+00,2.361433423317750524e+01
1.919979994998749646e+02,8.464637921881486449e+00,2.361634662754056180e+01
1.920480120030007640e+02,8.118368772216175699e+00,2.360813485052317873e+01
1.920980245061265350e+02,7.781352149863455026e+00,2.358972800287833138e+01
1.921480370092523344e+02,7.453861945367403763e+00,2.356118838492125889e+01
1.921980495123781054e+02,7.136131709928607236e+00,2.352261082243296997e+01
1.922480620155038764e+02,6.828354051581530193e+00,2.347412239597220207e+01
1.922980745186296758e+02,6.530678975061433356e+00,2.341588184468626110e+01
1.923480870217554468e+02,6.243214170369789429e+00,2.334807766711707089e+01
1.923980995248812178e+02,5.966025375404885089e+00,2.327092688269769383e+01
1.924481120280070172e+02,5.699136793225588526e+00,2.318467359457192245e+01
1.924981245311327882e+02,5.442531964312124160e+00,2.308958686796507465e+01
1.925481370342585592e+02,5.196156833339350634e+00,2.298595729048768277e+01
1.925981495373843586e+02,4.959920565573236573e+00,2.287409603473544450e+01
1.926481620405101296e+02,4.733697808797986184e+00,2.275433196380401668e+01
1.926981745436359290e+02,4.517331872802496484e+00,2.262700850966787769e+01
1.927481870467617000e+02,4.310638562095840953e+00,2.249248047223177238e+01
1.927981995498874710e+02,4.113407244878236391e+00,2.235111302998889116e+01
1.928482120530132704e+02,3.925404876392521558e+00,2.220327795465674114e+01
1.928982245561390414e+02,3.746379749187094266e+00,2.204935088850752578e+01
1.929482370592648124e+02,3.576063998193136140e+00,2.188970950934734461e+01
1.929982495623906118e+02,3.414176307304856106e+00,2.172473129026250760e+01
1.930482620655163828e+02,3.260425561072349154e+00,2.155479089942831195e+01
1.930982745686421822e+02,3.114513557702295543e+00,2.138025852275479366e+01
1.931482870717679532e+02,2.976136911127109208e+00,2.120149846048592934e+01
1.931982995748937242e+02,2.844990046485734059e+00,2.101886712926668821e+01
1.932483120780195236e+02,2.720767462929435165e+00,2.083271188958678621e+01
1.932983245811452946e+02,2.603165128167042930e+00,2.064337014981471086e+01
1.933483370842710656e+02,2.491882592241799976e+00,2.045116813013406087e+01
1.933983495873968650e+02,2.386624548548264446e+00,2.025642024615065040e+01
1.934483620905226360e+02,2.287101773051271270e+00,2.005942860950141693e+01
1.934983745936484070e+02,2.193032445041284806e+00,1.986048244347938763e+01
1.935483870967742064e+02,2.104143038674802124e+00,1.965985793747170263e+01
1.935983995998999774e+02,2.020168843487455845e+00,1.945781807217144177e+01
1.936484121030257768e+02,1.940854634802868794e+00,1.925461252857379080e+01
1.936984246061515478e+02,1.865955056134717349e+00,1.905047787348524579e+01
1.937484371092773188e+02,1.795234798906930607e+00,1.884563762818488186e+01
1.937984496124031182e+02,1.728468791462633991e+00,1.864030249554243568e+01
1.938484621155288892e+02,1.665442226764527911e+00,1.843467077503329676e+01
1.938984746186546602e+02,1.605950511081805310e+00,1.822892857990693827e+01
1.939484871217804596e+02,1.549799150443634144e+00,1.802325020566552638e+01
1.939984996249062306e+02,1.496803502292879173e+00,1.781779874493139104e+01
1.940485121280320300e+02,1.446788638377488168e+00,1.761272633549875977e+01
1.940985246311578010e+02,1.399589053358253343e+00,1.740817458558521480e+01
1.941485371342835720e+02,1.355048259365025043e+00,1.720427522966729939e+01
1.941985496374093714e+02,1.313018523360788725e+00,1.700115054287823213e+01
1.942485621405351424e+02,1.273360590027050154e+00,1.679891367545606684e+01
1.942985746436609134e+02,1.235943318025381821e+00,1.659766909467913365e+01
1.943485871467867128e+02,1.200643122705151056e+00,1.639751334110365377e+01
1.943985996499124838e+02,1.167343781351142695e+00,1.619853528364669515e+01
1.944486121530382547e+02,1.135936175454944408e+00,1.600081640117435455e+01
1.944986246561640542e+02,1.106317785009171661e+00,1.580443135336934901e+01
1.945486371592898251e+02,1.078392294486053338e+00,1.560944848248511008e+01
1.945986496624156246e+02,1.052069354487670472e+00,1.541593009174024509e+01
1.946486621655413956e+02,1.027264319615934784e+00,1.522393272633469330e+01
1.946986746686671665e+02,1.003897845898501506e+00,1.503350761985461403e+01
1.947486871717929660e+02,9.818955214405027387e-01,1.484470112751526294e+01
1.947986996749187369e+02,9.611877168155770201e-01,1.465755489276754631e+01
1.948487121780445079e+02,9.417092844144180352e-01,1.447210616885641521e+01
1.948987246811703073e+02,9.233992517359718155e-01,1.428838816096725850e+01
1.949487371842960783e+02,9.062005435740907444e-01,1.410643033750477926e+01
1.949987496874218778e+02,8.900598676857328639e-01,1.392625855332841844e+01
1.950487621905476487e+02,8.749274253078643815e-01,1.374789536246439958e+01
1.950987746936734197e+02,8.607566668985167091e-01,1.357136028950201201e+01
1.951487871967992191e+02,8.475041426693668001e-01,1.339666999279055126e+01
1.951987996999249901e+02,8.351293448777874495e-01,1.322383843532822034e+01
1.952488122030507611e+02,8.235945004197116059e-01,1.305287711261509997e+01
1.952988247061765605e+02,8.128643693695292161e-01,1.288379527269166758e+01
1.953488372093023315e+02,8.029061764311679061e-01,1.271659999075134628e+01
1.953988497124281025e+02,7.936894374488011605e-01,1.255129636107908730e+01
1.954488622155539019e+02,7.851858047044030231e-01,1.238788766764161764e+01
1.954988747186796729e+02,7.773689446624058030e-01,1.222637551678145229e+01
1.955488872218054723e+02,7.702144700335701311e-01,1.206675991335190190e+01
1.955988997249312433e+02,7.636998038376019426e-01,1.190903941532244659e+01
1.956489122280570143e+02,7.578040524161206992e-01,1.175321127305140401e+01
1.956989247311828137e+02,7.525079456275350909e-01,1.159927149481598008e+01
1.957489372343085847e+02,7.477937598160401267e-01,1.144721493665232792e+01
1.957989497374343557e+02,7.436452252305614241e-01,1.129703541071883599e+01
1.958489622405601551e+02,7.400474240578732710e-01,1.114872579805502717e+01
1.958989747436859261e+02,7.369867622587863432e-01,1.100227808039885069e+01
1.959489872468117255e+02,7.344508995073453228e-01,1.085768342625384086e+01
1.959989997499374965e+02,7.324286849825477619e-01,1.071493226876264337e+01
1.960490122530632675e+02,7.309100813435410737e-01,1.057401439208674532e+01
1.960990247561890669e+02,7.298861489720632756e-01,1.043491895011442061e+01
1.961490372593148379e+02,7.293489921326619108e-01,1.029763453762923398e+01
1.961990497624406089e+02,7.292917154001357094e-01,1.016214924704941325e+01
1.962490622655664083e+02,7.297083661978270852e-01,1.002845073732631498e+01
1.962990747686921793e+02,7.305939242916329457e-01,9.896526247054742598e+00
1.963490872718179503e+02,7.319442679397146767e-01,9.766362644434808615e+00
1.963990997749437497e+02,7.337561436214219412e-01,9.637946472744735260e+00
1.964491122780695207e+02,7.360271254304344701e-01,9.511264004333295219e+00
1.964991247811953201e+02,7.387556025100949775e-01,9.386301257868375103e+00
1.965491372843210911e+02,7.419407684073137110e-01,9.263044017555181142e+00
1.965991497874468621e+02,7.455825927473399561e-01,9.141477885281073412e+00
1.966491622905726615e+02,7.496818058180740874e-01,9.021588306404547453e+00
1.966991747936984325e+02,7.542398789350199806e-01,8.903360603552810559e+00
1.967491872968242035e+02,7.592590238805642100e-01,8.786779977926022056e+00
1.967991997999500029e+02,7.647421805431499076e-01,8.671831544956653204e+00
1.968492123030757739e+02,7.706930080931078120e-01,8.558500356400530862e+00
1.968992248062015733e+02,7.771158765732660845e-01,8.446771430911423906e+00
1.969492373093273443e+02,7.840158628660190976e-01,8.336629767510435940e+00
1.969992498124531153e+02,7.913987507670148247e-01,8.228060346294569172e+00
1.970492623155789147e+02,7.992710308657451357e-01,8.121048160097608104e+00
1.970992748187046857e+02,8.076398954103592986e-01,8.015578227686811275e+00
1.971492873218304567e+02,8.165132475710291660e-01,7.911635616044518926e+00
1.971992998249562561e+02,8.258997040812209312e-01,7.809205451921286567e+00
1.972493123280820271e+02,8.358085952376783645e-01,7.708272921836064384e+00
1.972993248312077981e+02,8.462499726821173240e-01,7.608823282553812462e+00
1.973493373343335975e+02,8.572346174438948418e-01,7.510841892071890236e+00
1.973993498374593685e+02,8.687740420155201093e-01,7.414314206003195018e+00
1.974493623405851679e+02,8.808805229674140369e-01,7.319225799584081926e+00
1.974993748437109389e+02,8.935671020598259240e-01,7.225562368690861881e+00
1.975493873468367099e+02,9.068475862428806433e-01,7.133309729839428570e+00
1.975993998499625093e+02,9.207365645537091137e-01,7.042453828590883091e+00
1.976494123530882803e+02,9.352494348753270792e-01,6.952980768225791586e+00
1.976994248562140513e+02,9.504023894716133736e-01,6.864876799599507251e+00
1.977494373593398507e+02,9.662124855227840481e-01,6.778128338388420104e+00
1.977994498624656217e+02,9.826976486152023682e-01,6.692721966306036663e+00
1.978494623655913927e+02,9.998766727414314381e-01,6.608644431102685957e+00
1.978994748687171921e+02,1.017769221555672621e+00,6.525882646914699770e+00
1.979494873718429631e+02,1.036395891306373773e+00,6.444423716530200963e+00
1.979994998749687625e+02,1.055778203586954067e+00,6.364254935025495108e+00
1.980495123780945335e+02,1.075938656266829385e+00,6.285363787918105238e+00
1.980995248812203045e+02,1.096900756932493337e+00,6.207737957571784371e+00
1.981495373843461039e+02,1.118689022887487061e+00,6.131365323196651396e+00
1.981995498874718749e+02,1.141328993657616531e+00,6.056233962830169126e+00
1.982495623905976458e+02,1.164847293121973326e+00,5.982332168774143533e+00
1.982995748937234453e+02,1.189271616543572607e+00,5.909648445162503982e+00
1.983495873968492162e+02,1.214630822849990022e+00,5.838171512399268792e+00
1.983995998999750157e+02,1.240954945457910963e+00,5.767890308245585018e+00
1.984496124031007867e+02,1.268275192273015994e+00,5.698793987820060636e+00
1.984996249062265576e+02,1.296623983713615980e+00,5.630871929025861533e+00
1.985496374093523571e+02,1.326034999790637547e+00,5.564113742902168092e+00
1.985996499124781280e+02,1.356543209919408133e+00,5.498509269328890170e+00
1.986496624156038990e+02,1.388184939247980809e+00,5.434048580880752155e+00
1.986996749187296984e+02,1.420997869169075001e+00,5.370721982878652767e+00
1.987496874218554694e+02,1.455021059874519462e+00,5.308520015876185383e+00
1.987996999249812404e+02,1.490295007685886519e+00,5.247433464259025016e+00
1.988497124281070398e+02,1.526861675015887432e+00,5.187453354070721723e+00
1.988997249312328108e+02,1.564764558536337447e+00,5.128570955531804643e+00
1.989497374343586102e+02,1.604048691339153176e+00,5.070777783195859811e+00
1.989997499374843812e+02,1.644760679895478583e+00,5.014065599696933440e+00
1.990497624406101522e+02,1.686948737415914668e+00,4.958426419960994203e+00
1.990997749437359516e+02,1.730662747450543826e+00,4.903852511063704789e+00
1.991497874468617226e+02,1.775954299054030461e+00,4.850336393660320766e+00
1.991997999499874936e+02,1.822876696335663960e+00,4.797870842822199222e+00
1.992498124531132930e+02,1.871485000728110748e+00,4.746448892826124144e+00
1.992998249562390640e+02,1.921836066782182106e+00,4.696063837398041230e+00
1.993498374593648634e+02,1.973988599998186322e+00,4.646709231372773807e+00
1.993998499624906344e+02,2.028003163284058719e+00,4.598378891155772585e+00
1.994498624656164054e+02,2.083942204743574944e+00,4.551066898020702745e+00
1.994998749687422048e+02,2.141870083493545351e+00,4.504767599083765006e+00
1.995498874718679758e+02,2.201853122811416430e+00,4.459475608923529677e+00
1.995998999749937468e+02,2.263959617943237745e+00,4.415185810116174281e+00
1.996499124781195462e+02,2.328259847439223318e+00,4.371893355500267475e+00
1.996999249812453172e+02,2.394826087718948671e+00,4.329593669035713965e+00
1.997499374843710882e+02,2.463732649854083245e+00,4.288282447605113568e+00
1.997999499874968876e+02,2.535055883764259832e+00,4.247955661571978681e+00
1.998499624906226586e+02,2.608874168150740136e+00,4.208609556174791599e+00
1.998999749937484580e+02,2.685267909828108479e+00,4.170240652126168790e+00
1.999499874968742290e+02,2.764319556094084973e+00,4.132845747572722495e+00
2.000000000000000000e+02,2.846113587579370829e+00,4.096421918362561421e+00
